SCIP version 10.0.2 [precision: 8 byte] [memory: block] [mode: optimized] [LP solver: SoPlex 8.0.2] [GitHash: b8eaf989f9]
Copyright (c) 2002-2026 Zuse Institute Berlin (ZIB)

External libraries: 
  SoPlex 8.0.2         Linear programming solver developed at Zuse Institute Berlin (soplex.zib.de) [GitHash: cfadddc4]
  CppAD 20180000.0     Algorithmic Differentiation of C++ algorithms developed by B. Bell (github.com/coin-or/CppAD)
  ZLIB 1.3.1           General purpose compression library by J. Gailly and M. Adler (zlib.net)
  MPFR 4.2.2           GNU Multiple Precision Floating-Point Reliable Library (mpfr.org)
  Boost 1.89.0         Boost C++ Libraries (boost.org)
  TinyCThread 1.2      small portable implementation of the C11 threads API (tinycthread.github.io)
  GMP 6.3.0            GNU Multiple Precision Arithmetic Library developed by T. Granlund (gmplib.org)
  ZIMPL 3.7.1          Zuse Institute Mathematical Programming Language developed by T. Koch (zimpl.zib.de)
  AMPL/MP 4.0.4        AMPL .nl file reader library (github.com/ampl/mp)
  PaPILO 3.0.0         parallel presolve for integer and linear optimization (github.com/scipopt/papilo) (built with TBB) [GitHash: 4cbdc327]
  Nauty 2.8.8          Computing Graph Automorphism Groups by Brendan D. McKay (users.cecs.anu.edu.au/~bdm/nauty)
  sassy 2.1            Symmetry preprocessor by Markus Anders (github.com/markusa4/sassy)
  Ipopt 3.14.19        Interior Point Optimizer developed by A. Waechter et.al. (github.com/coin-or/Ipopt)

user parameter file <scip.set> not found - using default parameters


read problem <case6.lp>
============

original problem has 12 variables (0 bin, 0 int, 12 cont) and 11 constraints

presolving:
(round 1, fast)       0 del vars, 0 del conss, 0 add conss, 3 chg bounds, 0 chg sides, 0 chg coeffs, 0 upgd conss, 0 impls, 0 clqs, 0 implints
   (0.0s) symmetry computation started: requiring (bin +, int +, cont +), (fixed: bin -, int -, cont -)
   (0.0s) symmetry computation finished: 1 generators found (max: 1500, log10 of symmetry group size: 0.30) (symcode time: 0.00)
dynamic symmetry handling statistics:
   orbitopal reduction:       no components
   orbital reduction:         no components
   lexicographic reduction:    1 permutations with support sizes 8
handled 1 out of 1 symmetry components
presolving (2 rounds: 2 fast, 1 medium, 1 exhaustive):
 0 deleted vars, 0 deleted constraints, 0 added constraints, 3 tightened bounds, 0 added holes, 0 changed sides, 0 changed coefficients
 0 implications, 0 cliques, 0 implied integral variables (0 bin, 0 int, 0 cont)
presolved problem has 12 variables (0 bin, 0 int, 12 cont) and 11 constraints
      8 constraints of type <linear>
      3 constraints of type <nonlinear>
Presolving Time: 0.00

 time | node  | left  |LP iter|LP it/n|mem/heur|mdpt |vars |cons |rows |cuts |sepa|confs|strbr|  dualbound   | primalbound  |  gap   | compl. 
  0.0s|     1 |     0 |     5 |     - |  1572k |   0 |  21 |  11 |  17 |   0 |  0 |   0 |   0 | 1.000000e+00 |      --      |    Inf | unknown
L 0.0s|     1 |     0 |     5 |     - |  subnlp|   0 |  21 |  11 |  17 |   0 |  0 |   0 |   0 | 1.000000e+00 | 5.010030e-01 |  99.60%| unknown
  0.0s|     1 |     0 |    11 |     - |  1619k |   0 |  21 |  11 |  18 |   1 |  1 |   0 |   0 | 1.000000e+00 | 5.010030e-01 |  99.60%| unknown
  0.0s|     1 |     0 |    11 |     - |  1619k |   0 |  21 |  11 |  18 |   1 |  1 |   0 |   0 | 1.000000e+00 | 5.010030e-01 |  99.60%| unknown
  0.0s|     1 |     0 |   117 |     - |  1627k |   0 |  21 |  11 |  18 |   1 |  2 |   0 |   0 | 1.000000e+00 | 5.010030e-01 |  99.60%| unknown
L 0.0s|     1 |     0 |   117 |     - |  subnlp|   0 |  21 |  11 |  18 |   1 |  3 |   0 |   0 | 1.000000e+00 | 5.010030e-01 |  99.60%| unknown
L 1.0s|     1 |     0 |   117 |     - |multista|   0 |  21 |  11 |  18 |   1 |  3 |   0 |   0 | 1.000000e+00 | 5.010030e-01 |  99.60%| unknown
L 1.0s|     1 |     0 |   117 |     - |multista|   0 |  21 |  11 |  18 |   1 |  3 |   0 |   0 | 1.000000e+00 | 5.010030e-01 |  99.60%| unknown
  1.0s|     1 |     0 |   117 |     - |  1703k |   0 |  21 |  11 |  18 |   1 |  3 |   0 |   0 | 1.000000e+00 | 5.010030e-01 |  99.60%| unknown
  1.0s|     1 |     2 |   117 |     - |  1703k |   0 |  21 |  11 |  18 |   1 |  4 |   0 |   0 | 1.000000e+00 | 5.010030e-01 |  99.60%| unknown
  1.0s|   100 |    67 |   367 |   3.5 |  1928k |   8 |  21 |  11 |  29 | 192 |  2 |   0 |   0 | 7.677261e-01 | 5.010030e-01 |  53.24%|  32.92%
  1.0s|   200 |    86 |   581 |   2.8 |  2106k |  10 |  21 |  11 |  31 | 294 |  2 |  19 |   0 | 5.917094e-01 | 5.010030e-01 |  18.10%|  67.35%
  1.0s|   300 |   140 |   835 |   2.7 |  2260k |  12 |  21 |  11 |  35 | 441 |  2 |  19 |   0 | 5.631237e-01 | 5.010030e-01 |  12.40%|  75.27%
  1.0s|   400 |   209 |  1088 |   2.7 |  2674k |  13 |  21 |  11 |  32 | 611 |  2 |  19 |   0 | 5.466366e-01 | 5.010030e-01 |   9.11%|  79.24%
  1.0s|   500 |   277 |  1346 |   2.7 |  2774k |  14 |  21 |  11 |   0 | 779 |  0 |  20 |   0 | 5.396345e-01 | 5.010030e-01 |   7.71%|  81.30%
 time | node  | left  |LP iter|LP it/n|mem/heur|mdpt |vars |cons |rows |cuts |sepa|confs|strbr|  dualbound   | primalbound  |  gap   | compl. 
  1.0s|   600 |   341 |  1603 |   2.6 |  3187k |  15 |  21 |  11 |  43 | 936 |  2 |  20 |   0 | 5.394479e-01 | 5.010030e-01 |   7.67%|  82.92%
  1.0s|   700 |   416 |  1899 |   2.7 |  3540k |  15 |  21 |  11 |  30 |1118 |  2 |  21 |   0 | 5.317873e-01 | 5.010030e-01 |   6.14%|  84.33%
  1.0s|   800 |   488 |  2190 |   2.7 |  3847k |  16 |  21 |  11 |  38 |1304 |  3 |  22 |   0 | 5.315035e-01 | 5.010030e-01 |   6.09%|  84.87%
  1.0s|   900 |   561 |  2479 |   2.7 |  4066k |  16 |  21 |  11 |  38 |1492 |  2 |  25 |   0 | 5.255314e-01 | 5.010030e-01 |   4.90%|  86.90%
  1.0s|  1000 |   639 |  2742 |   2.7 |  4173k |  16 |  21 |  11 |  46 |1662 |  2 |  27 |   0 | 5.241039e-01 | 5.010030e-01 |   4.61%|  87.33%
  1.0s|  1100 |   715 |  3010 |   2.7 |  4945k |  16 |  21 |  11 |  38 |1824 |  3 |  29 |   0 | 5.223772e-01 | 5.010030e-01 |   4.27%|  87.80%
  1.0s|  1200 |   801 |  3267 |   2.7 |  5393k |  16 |  21 |  11 |  44 |1986 |  3 |  31 |   0 | 5.193662e-01 | 5.010030e-01 |   3.67%|  88.64%
  1.0s|  1300 |   887 |  3549 |   2.7 |  5847k |  17 |  21 |  11 |  34 |2150 |  2 |  32 |   0 | 5.183001e-01 | 5.010030e-01 |   3.45%|  89.05%
  1.0s|  1400 |   961 |  3818 |   2.7 |  6005k |  17 |  21 |  11 |   0 |2319 |  0 |  32 |   0 | 5.183001e-01 | 5.010030e-01 |   3.45%|  89.17%
  1.0s|  1500 |  1043 |  4073 |   2.7 |  6367k |  17 |  21 |  11 |  47 |2483 |  2 |  35 |   0 | 5.174174e-01 | 5.010030e-01 |   3.28%|  89.52%
  1.0s|  1600 |  1125 |  4343 |   2.7 |  6508k |  17 |  21 |  11 |  41 |2641 |  2 |  36 |   0 | 5.172084e-01 | 5.010030e-01 |   3.23%|  89.56%
  1.0s|  1700 |  1221 |  4599 |   2.7 |  6761k |  17 |  21 |  11 |  40 |2817 |  2 |  37 |   0 | 5.170702e-01 | 5.010030e-01 |   3.21%|  89.62%
  1.0s|  1800 |  1299 |  4832 |   2.7 |  7016k |  18 |  21 |  11 |  35 |2977 |  1 |  41 |   0 | 5.159578e-01 | 5.010030e-01 |   2.98%|  90.35%
  1.0s|  1900 |  1379 |  5084 |   2.7 |  7208k |  19 |  21 |  11 |  39 |3125 |  0 |  43 |   0 | 5.137342e-01 | 5.010030e-01 |   2.54%|  91.06%
  1.0s|  2000 |  1447 |  5330 |   2.7 |  7516k |  19 |  21 |  11 |  34 |3286 |  2 |  44 |   0 | 5.119746e-01 | 5.010030e-01 |   2.19%|  91.50%
 time | node  | left  |LP iter|LP it/n|mem/heur|mdpt |vars |cons |rows |cuts |sepa|confs|strbr|  dualbound   | primalbound  |  gap   | compl. 
  1.0s|  2100 |  1527 |  5599 |   2.7 |  8711k |  19 |  21 |  11 |  43 |3445 |  2 |  44 |   0 | 5.117241e-01 | 5.010030e-01 |   2.14%|  91.86%
  1.0s|  2200 |  1619 |  5875 |   2.7 |  8847k |  19 |  21 |  11 |  40 |3607 |  2 |  45 |   0 | 5.107677e-01 | 5.010030e-01 |   1.95%|  92.00%
  1.0s|  2300 |  1715 |  6139 |   2.7 |  9244k |  19 |  21 |  11 |  38 |3773 |  2 |  45 |   0 | 5.107677e-01 | 5.010030e-01 |   1.95%|  92.02%
  1.0s|  2400 |  1813 |  6384 |   2.7 |  9857k |  19 |  21 |  11 |  34 |3946 |  2 |  45 |   0 | 5.105766e-01 | 5.010030e-01 |   1.91%|  92.05%
  1.0s|  2500 |  1901 |  6634 |   2.6 |    10M |  19 |  21 |  11 |  41 |4104 |  2 |  46 |   0 | 5.102454e-01 | 5.010030e-01 |   1.84%|  92.15%
  1.0s|  2600 |  1975 |  6868 |   2.6 |    10M |  19 |  21 |  11 |  37 |4269 |  2 |  48 |   0 | 5.094314e-01 | 5.010030e-01 |   1.68%|  92.65%
  1.0s|  2700 |  2055 |  7138 |   2.6 |    10M |  19 |  21 |  11 |  44 |4435 |  2 |  48 |   0 | 5.081883e-01 | 5.010030e-01 |   1.43%|  92.86%
  1.0s|  2800 |  2135 |  7405 |   2.6 |    10M |  19 |  21 |  11 |  41 |4611 |  2 |  49 |   0 | 5.080668e-01 | 5.010030e-01 |   1.41%|  92.93%
  1.0s|  2900 |  2209 |  7663 |   2.6 |    10M |  19 |  21 |  11 |  39 |4787 |  2 |  51 |   0 | 5.077881e-01 | 5.010030e-01 |   1.35%|  93.14%
  1.0s|  3000 |  2295 |  7905 |   2.6 |    11M |  21 |  21 |  11 |  44 |4943 |  2 |  51 |   0 | 5.071161e-01 | 5.010030e-01 |   1.22%|  93.25%
  1.0s|  3100 |  2355 |  8129 |   2.6 |    11M |  21 |  21 |  11 |  44 |5097 |  2 |  53 |   0 | 5.065511e-01 | 5.010030e-01 |   1.11%|  93.58%
  1.0s|  3200 |  2411 |  8358 |   2.6 |    11M |  21 |  21 |  11 |  41 |5245 |  2 |  54 |   0 | 5.064444e-01 | 5.010030e-01 |   1.09%|  93.72%
  1.0s|  3300 |  2485 |  8577 |   2.6 |    11M |  21 |  21 |  11 |  46 |5395 |  2 |  55 |   0 | 5.060935e-01 | 5.010030e-01 |   1.02%|  93.86%
  1.0s|  3400 |  2547 |  8798 |   2.6 |    12M |  21 |  21 |  11 |  45 |5536 |  2 |  56 |   0 | 5.060880e-01 | 5.010030e-01 |   1.01%|  93.92%
  1.0s|  3500 |  2613 |  9056 |   2.6 |    12M |  21 |  21 |  11 |  44 |5687 |  2 |  57 |   0 | 5.059358e-01 | 5.010030e-01 |   0.98%|  93.98%
 time | node  | left  |LP iter|LP it/n|mem/heur|mdpt |vars |cons |rows |cuts |sepa|confs|strbr|  dualbound   | primalbound  |  gap   | compl. 
  1.0s|  3600 |  2687 |  9293 |   2.6 |    12M |  21 |  21 |  11 |  48 |5858 |  2 |  57 |   0 | 5.058531e-01 | 5.010030e-01 |   0.97%|  94.04%
  1.0s|  3700 |  2753 |  9527 |   2.6 |    12M |  21 |  21 |  11 |  41 |6021 |  2 |  57 |   0 | 5.057743e-01 | 5.010030e-01 |   0.95%|  94.12%
  2.0s|  3800 |  2813 |  9785 |   2.6 |    12M |  21 |  21 |  11 |  37 |6175 |  2 |  57 |   0 | 5.055663e-01 | 5.010030e-01 |   0.91%|  94.29%
  2.0s|  3900 |  2873 | 10027 |   2.6 |    13M |  21 |  21 |  11 |  46 |6343 |  2 |  59 |   0 | 5.047839e-01 | 5.010030e-01 |   0.75%|  94.50%
  2.0s|  4000 |  2945 | 10266 |   2.6 |    13M |  21 |  21 |  11 |  45 |6510 |  2 |  61 |   0 | 5.046154e-01 | 5.010030e-01 |   0.72%|  94.57%
  2.0s|  4100 |  3011 | 10515 |   2.6 |    13M |  21 |  21 |  11 |  46 |6683 |  2 |  61 |   0 | 5.046060e-01 | 5.010030e-01 |   0.72%|  94.60%
  2.0s|  4200 |  3073 | 10737 |   2.6 |    14M |  21 |  21 |  11 |  46 |6828 |  2 |  63 |   0 | 5.042556e-01 | 5.010030e-01 |   0.65%|  94.70%
  2.0s|  4300 |  3137 | 10966 |   2.5 |    15M |  21 |  21 |  11 |  48 |6990 |  2 |  65 |   0 | 5.042123e-01 | 5.010030e-01 |   0.64%|  94.77%
  2.0s|  4400 |  3205 | 11196 |   2.5 |    15M |  21 |  21 |  11 |  43 |7151 |  2 |  66 |   0 | 5.042123e-01 | 5.010030e-01 |   0.64%|  94.79%
  2.0s|  4500 |  3271 | 11425 |   2.5 |    15M |  21 |  21 |  11 |  45 |7303 |  2 |  68 |   0 | 5.041642e-01 | 5.010030e-01 |   0.63%|  94.81%
  2.0s|  4600 |  3339 | 11648 |   2.5 |    16M |  21 |  21 |  11 |  39 |7468 |  2 |  68 |   0 | 5.040530e-01 | 5.010030e-01 |   0.61%|  94.86%
  2.0s|  4700 |  3397 | 11880 |   2.5 |    16M |  21 |  21 |  11 |  44 |7606 |  2 |  68 |   0 | 5.039911e-01 | 5.010030e-01 |   0.60%|  94.92%
  2.0s|  4800 |  3461 | 12120 |   2.5 |    16M |  21 |  21 |  11 |  46 |7755 |  2 |  68 |   0 | 5.039911e-01 | 5.010030e-01 |   0.60%|  94.93%
  2.0s|  4900 |  3521 | 12339 |   2.5 |    17M |  21 |  21 |  11 |  42 |7899 |  2 |  68 |   0 | 5.039271e-01 | 5.010030e-01 |   0.58%|  94.97%
d 2.0s|  4952 |  3555 | 12455 |   2.5 |linesear|  21 |  21 |  11 |  46 |7982 |  2 |  68 |   0 | 5.038221e-01 | 5.010030e-01 |   0.56%|  95.03%
 time | node  | left  |LP iter|LP it/n|mem/heur|mdpt |vars |cons |rows |cuts |sepa|confs|strbr|  dualbound   | primalbound  |  gap   | compl. 
  2.0s|  5000 |  3585 | 12569 |   2.5 |    17M |  21 |  21 |  11 |  43 |8048 |  2 |  68 |   0 | 5.038130e-01 | 5.010030e-01 |   0.56%|  95.04%
  2.0s|  5100 |  3653 | 12801 |   2.5 |    17M |  21 |  21 |  11 |  42 |8212 |  2 |  70 |   0 | 5.036276e-01 | 5.010030e-01 |   0.52%|  95.13%
  2.0s|  5200 |  3705 | 13050 |   2.5 |    18M |  21 |  21 |  11 |  44 |8371 |  2 |  71 |   0 | 5.035150e-01 | 5.010030e-01 |   0.50%|  95.19%
  2.0s|  5300 |  3765 | 13301 |   2.5 |    18M |  21 |  21 |  11 |  41 |8540 |  2 |  72 |   0 | 5.034156e-01 | 5.010030e-01 |   0.48%|  95.22%
  2.0s|  5400 |  3825 | 13533 |   2.5 |    18M |  21 |  21 |  11 |  46 |8700 |  2 |  72 |   0 | 5.033738e-01 | 5.010030e-01 |   0.47%|  95.25%
  2.0s|  5500 |  3871 | 13771 |   2.5 |    18M |  21 |  21 |  11 |  48 |8858 |  1 |  73 |   0 | 5.033568e-01 | 5.010030e-01 |   0.47%|  95.28%
  2.0s|  5600 |  3925 | 14015 |   2.5 |    18M |  21 |  21 |  11 |  43 |9012 |  2 |  73 |   0 | 5.033534e-01 | 5.010030e-01 |   0.47%|  95.30%
  2.0s|  5700 |  3989 | 14254 |   2.5 |    18M |  21 |  21 |  11 |  41 |9171 |  2 |  74 |   0 | 5.032520e-01 | 5.010030e-01 |   0.45%|  95.34%
  2.0s|  5800 |  4045 | 14476 |   2.5 |    18M |  21 |  21 |  11 |  44 |9337 |  2 |  75 |   0 | 5.032220e-01 | 5.010030e-01 |   0.44%|  95.36%
  2.0s|  5900 |  4093 | 14689 |   2.5 |    19M |  21 |  21 |  11 |  42 |9498 |  2 |  75 |   0 | 5.031684e-01 | 5.010030e-01 |   0.43%|  95.39%
  2.0s|  6000 |  4155 | 14915 |   2.5 |    19M |  21 |  21 |  11 |  48 |9664 |  2 |  75 |   0 | 5.031573e-01 | 5.010030e-01 |   0.43%|  95.42%
  2.0s|  6100 |  4207 | 15174 |   2.5 |    19M |  21 |  21 |  11 |  48 |9830 |  2 |  76 |   0 | 5.030867e-01 | 5.010030e-01 |   0.42%|  95.45%
  2.0s|  6200 |  4273 | 15419 |   2.5 |    19M |  21 |  21 |  11 |  45 |9999 |  1 |  77 |   0 | 5.030779e-01 | 5.010030e-01 |   0.41%|  95.47%
  2.0s|  6300 |  4331 | 15687 |   2.5 |    19M |  21 |  21 |  11 |  47 |  10k|  3 |  77 |   0 | 5.030651e-01 | 5.010030e-01 |   0.41%|  95.50%
  2.0s|  6400 |  4381 | 15919 |   2.5 |    20M |  21 |  21 |  11 |  49 |  10k|  2 |  77 |   0 | 5.030639e-01 | 5.010030e-01 |   0.41%|  95.52%
 time | node  | left  |LP iter|LP it/n|mem/heur|mdpt |vars |cons |rows |cuts |sepa|confs|strbr|  dualbound   | primalbound  |  gap   | compl. 
  2.0s|  6500 |  4427 | 16151 |   2.5 |    20M |  21 |  21 |  11 |  41 |  10k|  0 |  77 |   0 | 5.030310e-01 | 5.010030e-01 |   0.40%|  95.56%
  2.0s|  6600 |  4493 | 16375 |   2.5 |    20M |  21 |  21 |  11 |  42 |  10k|  1 |  77 |   0 | 5.030090e-01 | 5.010030e-01 |   0.40%|  95.58%
  2.0s|  6700 |  4549 | 16586 |   2.5 |    20M |  21 |  21 |  11 |  43 |  10k|  2 |  77 |   0 | 5.030021e-01 | 5.010030e-01 |   0.40%|  95.59%
  2.0s|  6800 |  4599 | 16816 |   2.5 |    22M |  21 |  21 |  11 |  40 |  10k|  2 |  78 |   0 | 5.029719e-01 | 5.010030e-01 |   0.39%|  95.63%
  2.0s|  6900 |  4657 | 17052 |   2.5 |    22M |  21 |  21 |  11 |  50 |  11k|  2 |  78 |   0 | 5.029389e-01 | 5.010030e-01 |   0.39%|  95.66%
  2.0s|  7000 |  4709 | 17283 |   2.5 |    22M |  22 |  21 |  11 |  47 |  11k|  2 |  79 |   0 | 5.028878e-01 | 5.010030e-01 |   0.38%|  95.68%
  2.0s|  7100 |  4761 | 17533 |   2.5 |    22M |  22 |  21 |  11 |  46 |  11k|  2 |  80 |   0 | 5.028675e-01 | 5.010030e-01 |   0.37%|  95.71%
  2.0s|  7200 |  4835 | 17757 |   2.5 |    22M |  22 |  21 |  11 |  36 |  11k|  1 |  80 |   0 | 5.028301e-01 | 5.010030e-01 |   0.36%|  95.72%
  2.0s|  7300 |  4895 | 17985 |   2.5 |    22M |  22 |  21 |  11 |  44 |  11k|  2 |  80 |   0 | 5.028068e-01 | 5.010030e-01 |   0.36%|  95.76%
  2.0s|  7400 |  4943 | 18199 |   2.5 |    22M |  22 |  21 |  11 |  41 |  11k|  1 |  80 |   0 | 5.027434e-01 | 5.010030e-01 |   0.35%|  95.81%
  2.0s|  7500 |  5003 | 18425 |   2.5 |    23M |  22 |  21 |  11 |  47 |  12k|  2 |  80 |   0 | 5.026837e-01 | 5.010030e-01 |   0.34%|  95.82%
  2.0s|  7600 |  5077 | 18633 |   2.4 |    23M |  22 |  21 |  11 |  50 |  12k|  2 |  80 |   0 | 5.026691e-01 | 5.010030e-01 |   0.33%|  95.83%
  2.0s|  7700 |  5125 | 18858 |   2.4 |    23M |  22 |  21 |  11 |  45 |  12k|  2 |  80 |   0 | 5.026401e-01 | 5.010030e-01 |   0.33%|  95.85%
  2.0s|  7800 |  5177 | 19070 |   2.4 |    23M |  22 |  21 |  11 |  46 |  12k|  2 |  80 |   0 | 5.026084e-01 | 5.010030e-01 |   0.32%|  95.88%
  2.0s|  7900 |  5237 | 19307 |   2.4 |    24M |  22 |  21 |  11 |  53 |  12k|  2 |  80 |   0 | 5.026004e-01 | 5.010030e-01 |   0.32%|  95.90%
 time | node  | left  |LP iter|LP it/n|mem/heur|mdpt |vars |cons |rows |cuts |sepa|confs|strbr|  dualbound   | primalbound  |  gap   | compl. 
  2.0s|  8000 |  5293 | 19517 |   2.4 |    24M |  22 |  21 |  11 |  39 |  12k|  2 |  82 |   0 | 5.025798e-01 | 5.010030e-01 |   0.31%|  95.92%
  2.0s|  8100 |  5333 | 19736 |   2.4 |    24M |  22 |  21 |  11 |  45 |  12k|  2 |  82 |   0 | 5.025655e-01 | 5.010030e-01 |   0.31%|  95.93%
  2.0s|  8200 |  5381 | 19948 |   2.4 |    24M |  22 |  21 |  11 |  47 |  13k|  3 |  82 |   0 | 5.025605e-01 | 5.010030e-01 |   0.31%|  95.94%
  2.0s|  8300 |  5435 | 20157 |   2.4 |    24M |  22 |  21 |  11 |  50 |  13k|  1 |  82 |   0 | 5.025393e-01 | 5.010030e-01 |   0.31%|  95.96%
  2.0s|  8400 |  5477 | 20361 |   2.4 |    25M |  23 |  21 |  11 |  44 |  13k|  2 |  82 |   0 | 5.025217e-01 | 5.010030e-01 |   0.30%|  95.98%
  3.0s|  8500 |  5535 | 20590 |   2.4 |    25M |  23 |  21 |  11 |  42 |  13k|  2 |  84 |   0 | 5.025104e-01 | 5.010030e-01 |   0.30%|  96.00%
  3.0s|  8600 |  5577 | 20826 |   2.4 |    25M |  23 |  21 |  11 |  43 |  13k|  2 |  85 |   0 | 5.025033e-01 | 5.010030e-01 |   0.30%|  96.01%
  3.0s|  8700 |  5619 | 21037 |   2.4 |    25M |  23 |  21 |  11 |  48 |  13k|  2 |  85 |   0 | 5.024868e-01 | 5.010030e-01 |   0.30%|  96.03%
  3.0s|  8800 |  5673 | 21263 |   2.4 |    25M |  23 |  21 |  11 |  46 |  13k|  2 |  88 |   0 | 5.024863e-01 | 5.010030e-01 |   0.30%|  96.05%
  3.0s|  8900 |  5719 | 21495 |   2.4 |    26M |  23 |  21 |  11 |  38 |  14k|  0 |  89 |   0 | 5.024534e-01 | 5.010030e-01 |   0.29%|  96.08%
  3.0s|  9000 |  5769 | 21703 |   2.4 |    26M |  23 |  21 |  11 |  39 |  14k|  1 |  89 |   0 | 5.024410e-01 | 5.010030e-01 |   0.29%|  96.10%
  3.0s|  9100 |  5821 | 21926 |   2.4 |    26M |  23 |  21 |  11 |  47 |  14k|  1 |  89 |   0 | 5.024354e-01 | 5.010030e-01 |   0.29%|  96.11%
  3.0s|  9200 |  5867 | 22156 |   2.4 |    27M |  23 |  21 |  11 |  35 |  14k|  2 |  90 |   0 | 5.024262e-01 | 5.010030e-01 |   0.28%|  96.16%
  3.0s|  9300 |  5919 | 22367 |   2.4 |    27M |  23 |  21 |  11 |  45 |  14k|  1 |  90 |   0 | 5.024178e-01 | 5.010030e-01 |   0.28%|  96.17%
  3.0s|  9400 |  5979 | 22581 |   2.4 |    27M |  23 |  21 |  11 |  48 |  14k|  2 |  90 |   0 | 5.024060e-01 | 5.010030e-01 |   0.28%|  96.18%
 time | node  | left  |LP iter|LP it/n|mem/heur|mdpt |vars |cons |rows |cuts |sepa|confs|strbr|  dualbound   | primalbound  |  gap   | compl. 
  3.0s|  9500 |  6023 | 22787 |   2.4 |    27M |  23 |  21 |  11 |  47 |  15k|  2 |  90 |   0 | 5.023825e-01 | 5.010030e-01 |   0.28%|  96.20%
  3.0s|  9600 |  6077 | 23011 |   2.4 |    28M |  23 |  21 |  11 |  47 |  15k|  1 |  91 |   0 | 5.023463e-01 | 5.010030e-01 |   0.27%|  96.21%
  3.0s|  9700 |  6137 | 23230 |   2.4 |    28M |  23 |  21 |  11 |  46 |  15k|  2 |  92 |   0 | 5.023281e-01 | 5.010030e-01 |   0.26%|  96.23%
  3.0s|  9800 |  6183 | 23457 |   2.4 |    28M |  23 |  21 |  11 |  43 |  15k|  2 |  92 |   0 | 5.023130e-01 | 5.010030e-01 |   0.26%|  96.24%
  3.0s|  9900 |  6233 | 23698 |   2.4 |    28M |  23 |  21 |  11 |  49 |  15k|  2 |  92 |   0 | 5.023130e-01 | 5.010030e-01 |   0.26%|  96.25%
  3.0s| 10000 |  6283 | 23907 |   2.4 |    28M |  23 |  21 |  11 |  45 |  15k|  1 |  92 |   0 | 5.023053e-01 | 5.010030e-01 |   0.26%|  96.26%
  3.0s| 10100 |  6349 | 24143 |   2.4 |    29M |  23 |  21 |  11 |  47 |  15k|  1 |  92 |   0 | 5.022811e-01 | 5.010030e-01 |   0.26%|  96.28%
  3.0s| 10200 |  6409 | 24380 |   2.4 |    30M |  23 |  21 |  11 |  42 |  16k|  2 |  92 |   0 | 5.022700e-01 | 5.010030e-01 |   0.25%|  96.29%
  3.0s| 10300 |  6461 | 24598 |   2.4 |    30M |  23 |  21 |  11 |  42 |  16k|  1 |  92 |   0 | 5.022502e-01 | 5.010030e-01 |   0.25%|  96.30%
  3.0s| 10400 |  6507 | 24813 |   2.4 |    30M |  23 |  21 |  11 |  43 |  16k|  2 |  92 |   0 | 5.022439e-01 | 5.010030e-01 |   0.25%|  96.32%
  3.0s| 10500 |  6543 | 25022 |   2.4 |    30M |  23 |  21 |  11 |  49 |  16k|  2 |  94 |   0 | 5.022428e-01 | 5.010030e-01 |   0.25%|  96.33%
  3.0s| 10600 |  6587 | 25245 |   2.4 |    30M |  23 |  21 |  11 |  45 |  16k|  2 |  95 |   0 | 5.022185e-01 | 5.010030e-01 |   0.24%|  96.35%
  3.0s| 10700 |  6631 | 25451 |   2.4 |    30M |  23 |  21 |  11 |  43 |  16k|  1 |  96 |   0 | 5.021960e-01 | 5.010030e-01 |   0.24%|  96.38%
  3.0s| 10800 |  6673 | 25653 |   2.4 |    31M |  23 |  21 |  11 |  46 |  17k|  1 |  96 |   0 | 5.021928e-01 | 5.010030e-01 |   0.24%|  96.40%
  3.0s| 10900 |  6705 | 25871 |   2.4 |    31M |  23 |  21 |  11 |  48 |  17k|  2 |  96 |   0 | 5.021866e-01 | 5.010030e-01 |   0.24%|  96.42%
 time | node  | left  |LP iter|LP it/n|mem/heur|mdpt |vars |cons |rows |cuts |sepa|confs|strbr|  dualbound   | primalbound  |  gap   | compl. 
  3.0s| 11000 |  6749 | 26095 |   2.4 |    31M |  23 |  21 |  11 |  46 |  17k|  1 |  96 |   0 | 5.021767e-01 | 5.010030e-01 |   0.23%|  96.43%
  3.0s| 11100 |  6791 | 26302 |   2.4 |    31M |  23 |  21 |  11 |  49 |  17k|  2 |  96 |   0 | 5.021668e-01 | 5.010030e-01 |   0.23%|  96.45%
  3.0s| 11200 |  6847 | 26522 |   2.4 |    32M |  23 |  21 |  11 |  50 |  17k|  2 |  97 |   0 | 5.021586e-01 | 5.010030e-01 |   0.23%|  96.46%
  3.0s| 11300 |  6921 | 26726 |   2.4 |    32M |  23 |  21 |  11 |  48 |  17k|  1 |  97 |   0 | 5.021417e-01 | 5.010030e-01 |   0.23%|  96.47%
  3.0s| 11400 |  6965 | 26947 |   2.4 |    32M |  23 |  21 |  11 |  58 |  17k|  0 |  98 |   0 | 5.021214e-01 | 5.010030e-01 |   0.22%|  96.49%
  3.0s| 11500 |  7013 | 27189 |   2.4 |    32M |  23 |  21 |  11 |  37 |  18k|  1 |  98 |   0 | 5.021111e-01 | 5.010030e-01 |   0.22%|  96.50%
  3.0s| 11600 |  7065 | 27408 |   2.4 |    32M |  23 |  21 |  11 |  44 |  18k|  2 | 101 |   0 | 5.020919e-01 | 5.010030e-01 |   0.22%|  96.51%
  3.0s| 11700 |  7119 | 27626 |   2.4 |    32M |  23 |  21 |  11 |  43 |  18k|  0 | 102 |   0 | 5.020888e-01 | 5.010030e-01 |   0.22%|  96.53%
  3.0s| 11800 |  7153 | 27832 |   2.4 |    32M |  23 |  21 |  11 |  49 |  18k|  1 | 103 |   0 | 5.020764e-01 | 5.010030e-01 |   0.21%|  96.55%
  3.0s| 11900 |  7205 | 28022 |   2.4 |    32M |  23 |  21 |  11 |  49 |  18k|  2 | 103 |   0 | 5.020666e-01 | 5.010030e-01 |   0.21%|  96.57%
  3.0s| 12000 |  7245 | 28225 |   2.4 |    32M |  23 |  21 |  11 |  45 |  18k|  2 | 103 |   0 | 5.020492e-01 | 5.010030e-01 |   0.21%|  96.59%
  3.0s| 12100 |  7301 | 28437 |   2.3 |    33M |  23 |  21 |  11 |  44 |  19k|  2 | 103 |   0 | 5.020431e-01 | 5.010030e-01 |   0.21%|  96.60%
  3.0s| 12200 |  7363 | 28649 |   2.3 |    33M |  23 |  21 |  11 |  47 |  19k|  2 | 103 |   0 | 5.020363e-01 | 5.010030e-01 |   0.21%|  96.61%
  3.0s| 12300 |  7407 | 28835 |   2.3 |    35M |  23 |  21 |  11 |   0 |  19k|  0 | 103 |   0 | 5.020263e-01 | 5.010030e-01 |   0.20%|  96.63%
  3.0s| 12400 |  7455 | 29056 |   2.3 |    35M |  24 |  21 |  11 |  51 |  19k|  2 | 103 |   0 | 5.020117e-01 | 5.010030e-01 |   0.20%|  96.64%
 time | node  | left  |LP iter|LP it/n|mem/heur|mdpt |vars |cons |rows |cuts |sepa|confs|strbr|  dualbound   | primalbound  |  gap   | compl. 
  3.0s| 12500 |  7501 | 29261 |   2.3 |    35M |  24 |  21 |  11 |  49 |  19k|  2 | 103 |   0 | 5.019947e-01 | 5.010030e-01 |   0.20%|  96.65%
  3.0s| 12600 |  7549 | 29491 |   2.3 |    36M |  24 |  21 |  11 |  46 |  19k|  2 | 103 |   0 | 5.019804e-01 | 5.010030e-01 |   0.20%|  96.66%
  3.0s| 12700 |  7603 | 29694 |   2.3 |    36M |  24 |  21 |  11 |  47 |  19k|  2 | 103 |   0 | 5.019751e-01 | 5.010030e-01 |   0.19%|  96.67%
  3.0s| 12800 |  7623 | 29897 |   2.3 |    36M |  24 |  21 |  11 |  47 |  20k|  2 | 103 |   0 | 5.019700e-01 | 5.010030e-01 |   0.19%|  96.69%
  3.0s| 12900 |  7655 | 30099 |   2.3 |    36M |  24 |  21 |  11 |  47 |  20k|  2 | 104 |   0 | 5.019640e-01 | 5.010030e-01 |   0.19%|  96.70%
  3.0s| 13000 |  7709 | 30311 |   2.3 |    36M |  24 |  21 |  11 |  52 |  20k|  2 | 105 |   0 | 5.019468e-01 | 5.010030e-01 |   0.19%|  96.72%
  4.0s| 13100 |  7737 | 30526 |   2.3 |    36M |  24 |  21 |  11 |  48 |  20k|  2 | 105 |   0 | 5.019392e-01 | 5.010030e-01 |   0.19%|  96.73%
  4.0s| 13200 |  7777 | 30756 |   2.3 |    37M |  24 |  21 |  11 |  43 |  20k|  2 | 105 |   0 | 5.019327e-01 | 5.010030e-01 |   0.19%|  96.74%
  4.0s| 13300 |  7829 | 30977 |   2.3 |    37M |  24 |  21 |  11 |  48 |  20k|  2 | 105 |   0 | 5.019322e-01 | 5.010030e-01 |   0.19%|  96.75%
  4.0s| 13400 |  7877 | 31201 |   2.3 |    37M |  24 |  21 |  11 |  50 |  21k|  2 | 105 |   0 | 5.019270e-01 | 5.010030e-01 |   0.18%|  96.77%
  4.0s| 13500 |  7905 | 31424 |   2.3 |    37M |  24 |  21 |  11 |  44 |  21k|  1 | 106 |   0 | 5.019195e-01 | 5.010030e-01 |   0.18%|  96.78%
  4.0s| 13600 |  7955 | 31639 |   2.3 |    37M |  24 |  21 |  11 |  46 |  21k|  2 | 107 |   0 | 5.018995e-01 | 5.010030e-01 |   0.18%|  96.79%
  4.0s| 13700 |  7981 | 31842 |   2.3 |    37M |  24 |  21 |  11 |  48 |  21k|  2 | 107 |   0 | 5.018934e-01 | 5.010030e-01 |   0.18%|  96.81%
  4.0s| 13800 |  8047 | 32069 |   2.3 |    37M |  24 |  21 |  11 |  46 |  21k|  2 | 109 |   0 | 5.018853e-01 | 5.010030e-01 |   0.18%|  96.82%
  4.0s| 13900 |  8105 | 32273 |   2.3 |    37M |  24 |  21 |  11 |  50 |  21k|  2 | 109 |   0 | 5.018791e-01 | 5.010030e-01 |   0.17%|  96.82%
 time | node  | left  |LP iter|LP it/n|mem/heur|mdpt |vars |cons |rows |cuts |sepa|confs|strbr|  dualbound   | primalbound  |  gap   | compl. 
  4.0s| 14000 |  8155 | 32497 |   2.3 |    38M |  24 |  21 |  11 |  54 |  22k|  2 | 109 |   0 | 5.018650e-01 | 5.010030e-01 |   0.17%|  96.84%
  4.0s| 14100 |  8199 | 32721 |   2.3 |    38M |  24 |  21 |  11 |  51 |  22k|  2 | 110 |   0 | 5.018508e-01 | 5.010030e-01 |   0.17%|  96.85%
  4.0s| 14200 |  8229 | 32930 |   2.3 |    38M |  24 |  21 |  11 |  48 |  22k|  2 | 110 |   0 | 5.018476e-01 | 5.010030e-01 |   0.17%|  96.88%
  4.0s| 14300 |  8281 | 33157 |   2.3 |    38M |  24 |  21 |  11 |  47 |  22k|  2 | 110 |   0 | 5.018421e-01 | 5.010030e-01 |   0.17%|  96.89%
  4.0s| 14400 |  8317 | 33371 |   2.3 |    38M |  24 |  21 |  11 |  49 |  22k|  2 | 110 |   0 | 5.018327e-01 | 5.010030e-01 |   0.17%|  96.90%
  4.0s| 14500 |  8359 | 33591 |   2.3 |    38M |  24 |  21 |  11 |  47 |  22k|  1 | 110 |   0 | 5.018287e-01 | 5.010030e-01 |   0.16%|  96.91%
  4.0s| 14600 |  8385 | 33820 |   2.3 |    38M |  24 |  21 |  11 |  52 |  23k|  2 | 110 |   0 | 5.018220e-01 | 5.010030e-01 |   0.16%|  96.92%
  4.0s| 14700 |  8409 | 34026 |   2.3 |    38M |  24 |  21 |  11 |  46 |  23k|  1 | 110 |   0 | 5.018152e-01 | 5.010030e-01 |   0.16%|  96.94%
  4.0s| 14800 |  8447 | 34240 |   2.3 |    38M |  24 |  21 |  11 |  46 |  23k|  2 | 110 |   0 | 5.018104e-01 | 5.010030e-01 |   0.16%|  96.97%
  4.0s| 14900 |  8485 | 34435 |   2.3 |    38M |  24 |  21 |  11 |  48 |  23k|  2 | 110 |   0 | 5.018035e-01 | 5.010030e-01 |   0.16%|  96.98%
  4.0s| 15000 |  8521 | 34649 |   2.3 |    38M |  24 |  21 |  11 |  45 |  23k|  2 | 110 |   0 | 5.018000e-01 | 5.010030e-01 |   0.16%|  97.00%
  4.0s| 15100 |  8545 | 34846 |   2.3 |    38M |  24 |  21 |  11 |  41 |  23k|  2 | 110 |   0 | 5.017893e-01 | 5.010030e-01 |   0.16%|  97.01%
  4.0s| 15200 |  8579 | 35046 |   2.3 |    39M |  24 |  21 |  11 |  55 |  24k|  2 | 110 |   0 | 5.017893e-01 | 5.010030e-01 |   0.16%|  97.02%
  4.0s| 15300 |  8607 | 35254 |   2.3 |    40M |  24 |  21 |  11 |  47 |  24k|  1 | 111 |   0 | 5.017873e-01 | 5.010030e-01 |   0.16%|  97.04%
  4.0s| 15400 |  8639 | 35450 |   2.3 |    40M |  24 |  21 |  11 |  52 |  24k|  2 | 111 |   0 | 5.017836e-01 | 5.010030e-01 |   0.16%|  97.05%
 time | node  | left  |LP iter|LP it/n|mem/heur|mdpt |vars |cons |rows |cuts |sepa|confs|strbr|  dualbound   | primalbound  |  gap   | compl. 
  4.0s| 15500 |  8679 | 35644 |   2.3 |    41M |  24 |  21 |  11 |  45 |  24k|  2 | 111 |   0 | 5.017716e-01 | 5.010030e-01 |   0.15%|  97.06%
  4.0s| 15600 |  8713 | 35847 |   2.3 |    41M |  24 |  21 |  11 |  45 |  24k|  2 | 111 |   0 | 5.017571e-01 | 5.010030e-01 |   0.15%|  97.08%
  4.0s| 15700 |  8739 | 36037 |   2.3 |    41M |  24 |  21 |  11 |  47 |  24k|  2 | 111 |   0 | 5.017518e-01 | 5.010030e-01 |   0.15%|  97.08%
  4.0s| 15800 |  8779 | 36274 |   2.3 |    41M |  24 |  21 |  11 |  44 |  24k|  2 | 111 |   0 | 5.017367e-01 | 5.010030e-01 |   0.15%|  97.09%
  4.0s| 15900 |  8801 | 36483 |   2.3 |    41M |  24 |  21 |  11 |  53 |  25k|  1 | 111 |   0 | 5.017322e-01 | 5.010030e-01 |   0.15%|  97.11%
  4.0s| 16000 |  8835 | 36703 |   2.3 |    42M |  24 |  21 |  11 |  49 |  25k|  1 | 111 |   0 | 5.017244e-01 | 5.010030e-01 |   0.14%|  97.13%
  4.0s| 16100 |  8871 | 36929 |   2.3 |    42M |  24 |  21 |  11 |  48 |  25k|  2 | 111 |   0 | 5.017185e-01 | 5.010030e-01 |   0.14%|  97.15%
  4.0s| 16200 |  8909 | 37183 |   2.3 |    42M |  24 |  21 |  11 |  54 |  25k|  2 | 111 |   0 | 5.017185e-01 | 5.010030e-01 |   0.14%|  97.16%
  4.0s| 16300 |  8941 | 37400 |   2.3 |    42M |  24 |  21 |  11 |  41 |  25k|  2 | 111 |   0 | 5.017103e-01 | 5.010030e-01 |   0.14%|  97.18%
  4.0s| 16400 |  8953 | 37607 |   2.3 |    42M |  24 |  21 |  11 |  46 |  25k|  1 | 112 |   0 | 5.017043e-01 | 5.010030e-01 |   0.14%|  97.19%
  4.0s| 16500 |  8993 | 37817 |   2.3 |    42M |  24 |  21 |  11 |  48 |  26k|  2 | 112 |   0 | 5.017043e-01 | 5.010030e-01 |   0.14%|  97.20%
  4.0s| 16600 |  9009 | 38019 |   2.3 |    42M |  24 |  21 |  11 |  48 |  26k|  2 | 112 |   0 | 5.017023e-01 | 5.010030e-01 |   0.14%|  97.22%
  4.0s| 16700 |  9045 | 38198 |   2.3 |    42M |  24 |  21 |  11 |  41 |  26k|  2 | 112 |   0 | 5.016996e-01 | 5.010030e-01 |   0.14%|  97.23%
  4.0s| 16800 |  9075 | 38408 |   2.3 |    42M |  24 |  21 |  11 |  49 |  26k|  1 | 112 |   0 | 5.016913e-01 | 5.010030e-01 |   0.14%|  97.24%
  4.0s| 16900 |  9111 | 38621 |   2.3 |    43M |  24 |  21 |  11 |  51 |  26k|  1 | 114 |   0 | 5.016797e-01 | 5.010030e-01 |   0.14%|  97.25%
 time | node  | left  |LP iter|LP it/n|mem/heur|mdpt |vars |cons |rows |cuts |sepa|confs|strbr|  dualbound   | primalbound  |  gap   | compl. 
  4.0s| 17000 |  9133 | 38821 |   2.3 |    43M |  24 |  21 |  11 |  52 |  26k|  2 | 114 |   0 | 5.016769e-01 | 5.010030e-01 |   0.13%|  97.26%
  4.0s| 17100 |  9151 | 39025 |   2.3 |    44M |  24 |  21 |  11 |  45 |  27k|  1 | 114 |   0 | 5.016725e-01 | 5.010030e-01 |   0.13%|  97.27%
  4.0s| 17200 |  9185 | 39231 |   2.3 |    44M |  24 |  21 |  11 |  48 |  27k|  2 | 114 |   0 | 5.016697e-01 | 5.010030e-01 |   0.13%|  97.28%
  4.0s| 17300 |  9207 | 39459 |   2.3 |    45M |  24 |  21 |  11 |  56 |  27k|  2 | 114 |   0 | 5.016680e-01 | 5.010030e-01 |   0.13%|  97.29%
  4.0s| 17400 |  9255 | 39697 |   2.3 |    45M |  24 |  21 |  11 |  42 |  27k|  2 | 116 |   0 | 5.016651e-01 | 5.010030e-01 |   0.13%|  97.30%
  4.0s| 17500 |  9285 | 39914 |   2.3 |    45M |  24 |  21 |  11 |  43 |  27k|  2 | 118 |   0 | 5.016638e-01 | 5.010030e-01 |   0.13%|  97.31%
  4.0s| 17600 |  9303 | 40132 |   2.3 |    45M |  24 |  21 |  11 |  49 |  27k|  1 | 118 |   0 | 5.016609e-01 | 5.010030e-01 |   0.13%|  97.33%
  4.0s| 17700 |  9329 | 40346 |   2.3 |    45M |  24 |  21 |  11 |  48 |  28k|  1 | 118 |   0 | 5.016529e-01 | 5.010030e-01 |   0.13%|  97.34%
  4.0s| 17800 |  9371 | 40551 |   2.3 |    45M |  24 |  21 |  11 |  51 |  28k|  1 | 118 |   0 | 5.016440e-01 | 5.010030e-01 |   0.13%|  97.36%
  4.0s| 17900 |  9409 | 40769 |   2.3 |    45M |  24 |  21 |  11 |  46 |  28k|  1 | 118 |   0 | 5.016300e-01 | 5.010030e-01 |   0.13%|  97.36%
  4.0s| 18000 |  9437 | 40991 |   2.3 |    45M |  24 |  21 |  11 |  47 |  28k|  1 | 118 |   0 | 5.016238e-01 | 5.010030e-01 |   0.12%|  97.37%
  4.0s| 18100 |  9475 | 41218 |   2.3 |    46M |  24 |  21 |  11 |  51 |  28k|  2 | 118 |   0 | 5.016118e-01 | 5.010030e-01 |   0.12%|  97.39%
  5.0s| 18200 |  9503 | 41424 |   2.3 |    46M |  24 |  21 |  11 |  40 |  28k|  2 | 119 |   0 | 5.016034e-01 | 5.010030e-01 |   0.12%|  97.40%
  5.0s| 18300 |  9519 | 41636 |   2.3 |    46M |  24 |  21 |  11 |  44 |  29k|  1 | 119 |   0 | 5.015992e-01 | 5.010030e-01 |   0.12%|  97.42%
  5.0s| 18400 |  9563 | 41857 |   2.3 |    46M |  24 |  21 |  11 |  52 |  29k|  1 | 119 |   0 | 5.015897e-01 | 5.010030e-01 |   0.12%|  97.43%
 time | node  | left  |LP iter|LP it/n|mem/heur|mdpt |vars |cons |rows |cuts |sepa|confs|strbr|  dualbound   | primalbound  |  gap   | compl. 
  5.0s| 18500 |  9605 | 42073 |   2.3 |    46M |  24 |  21 |  11 |  44 |  29k|  2 | 119 |   0 | 5.015883e-01 | 5.010030e-01 |   0.12%|  97.44%
  5.0s| 18600 |  9635 | 42271 |   2.3 |    46M |  24 |  21 |  11 |  42 |  29k|  2 | 119 |   0 | 5.015817e-01 | 5.010030e-01 |   0.12%|  97.45%
  5.0s| 18700 |  9665 | 42482 |   2.3 |    47M |  24 |  21 |  11 |  49 |  29k|  1 | 119 |   0 | 5.015813e-01 | 5.010030e-01 |   0.12%|  97.46%
  5.0s| 18800 |  9703 | 42696 |   2.3 |    47M |  24 |  21 |  11 |  52 |  29k|  2 | 119 |   0 | 5.015683e-01 | 5.010030e-01 |   0.11%|  97.48%
  5.0s| 18900 |  9741 | 42904 |   2.3 |    48M |  24 |  21 |  11 |  49 |  30k|  2 | 119 |   0 | 5.015631e-01 | 5.010030e-01 |   0.11%|  97.49%
  5.0s| 19000 |  9753 | 43123 |   2.3 |    48M |  24 |  21 |  11 |  45 |  30k|  2 | 119 |   0 | 5.015570e-01 | 5.010030e-01 |   0.11%|  97.51%
  5.0s| 19100 |  9783 | 43335 |   2.3 |    49M |  24 |  21 |  11 |  49 |  30k|  1 | 119 |   0 | 5.015554e-01 | 5.010030e-01 |   0.11%|  97.52%
  5.0s| 19200 |  9811 | 43534 |   2.3 |    49M |  24 |  21 |  11 |  49 |  30k|  2 | 119 |   0 | 5.015527e-01 | 5.010030e-01 |   0.11%|  97.53%
  5.0s| 19300 |  9855 | 43728 |   2.3 |    49M |  24 |  21 |  11 |  47 |  30k|  2 | 119 |   0 | 5.015453e-01 | 5.010030e-01 |   0.11%|  97.54%
  5.0s| 19400 |  9895 | 43955 |   2.3 |    49M |  24 |  21 |  11 |  50 |  30k|  2 | 120 |   0 | 5.015393e-01 | 5.010030e-01 |   0.11%|  97.55%
  5.0s| 19500 |  9931 | 44175 |   2.3 |    49M |  24 |  21 |  11 |  51 |  31k|  2 | 120 |   0 | 5.015371e-01 | 5.010030e-01 |   0.11%|  97.55%
  5.0s| 19600 |  9959 | 44371 |   2.3 |    49M |  24 |  21 |  11 |  42 |  31k|  1 | 121 |   0 | 5.015352e-01 | 5.010030e-01 |   0.11%|  97.56%
  5.0s| 19700 |  9959 | 44569 |   2.3 |    49M |  24 |  21 |  11 |  50 |  31k|  1 | 121 |   0 | 5.015209e-01 | 5.010030e-01 |   0.10%|  97.58%
  5.0s| 19800 |  9991 | 44774 |   2.3 |    49M |  24 |  21 |  11 |  43 |  31k|  2 | 121 |   0 | 5.015167e-01 | 5.010030e-01 |   0.10%|  97.59%
  5.0s| 19900 | 10037 | 44989 |   2.3 |    49M |  24 |  21 |  11 |  44 |  31k|  2 | 122 |   0 | 5.015147e-01 | 5.010030e-01 |   0.10%|  97.60%
 time | node  | left  |LP iter|LP it/n|mem/heur|mdpt |vars |cons |rows |cuts |sepa|confs|strbr|  dualbound   | primalbound  |  gap   | compl. 
  5.0s| 20000 | 10069 | 45194 |   2.3 |    49M |  24 |  21 |  11 |  47 |  31k|  2 | 123 |   0 | 5.015078e-01 | 5.010030e-01 |   0.10%|  97.61%
  5.0s| 20100 | 10103 | 45397 |   2.3 |    49M |  24 |  21 |  11 |  44 |  32k|  2 | 123 |   0 | 5.015066e-01 | 5.010030e-01 |   0.10%|  97.61%
  5.0s| 20200 | 10121 | 45585 |   2.3 |    49M |  24 |  21 |  11 |  54 |  32k|  2 | 123 |   0 | 5.015010e-01 | 5.010030e-01 |   0.10%|  97.62%
  5.0s| 20300 | 10137 | 45770 |   2.3 |    49M |  24 |  21 |  11 |  48 |  32k|  2 | 123 |   0 | 5.014972e-01 | 5.010030e-01 |   0.10%|  97.63%
  5.0s| 20400 | 10165 | 45985 |   2.3 |    50M |  24 |  21 |  11 |  43 |  32k|  1 | 123 |   0 | 5.014902e-01 | 5.010030e-01 |   0.10%|  97.65%
  5.0s| 20500 | 10183 | 46182 |   2.3 |    50M |  24 |  21 |  11 |  45 |  32k|  2 | 123 |   0 | 5.014884e-01 | 5.010030e-01 |   0.10%|  97.66%
  5.0s| 20600 | 10207 | 46361 |   2.2 |    50M |  24 |  21 |  11 |  54 |  32k|  2 | 123 |   0 | 5.014878e-01 | 5.010030e-01 |   0.10%|  97.66%
  5.0s| 20700 | 10221 | 46563 |   2.2 |    51M |  24 |  21 |  11 |  49 |  32k|  1 | 123 |   0 | 5.014864e-01 | 5.010030e-01 |   0.10%|  97.68%
  5.0s| 20800 | 10233 | 46774 |   2.2 |    51M |  24 |  21 |  11 |  46 |  33k|  0 | 123 |   0 | 5.014824e-01 | 5.010030e-01 |   0.10%|  97.69%
  5.0s| 20900 | 10259 | 46989 |   2.2 |    51M |  24 |  21 |  11 |  45 |  33k|  2 | 124 |   0 | 5.014798e-01 | 5.010030e-01 |   0.10%|  97.69%
  5.0s| 21000 | 10297 | 47205 |   2.2 |    51M |  24 |  21 |  11 |  56 |  33k|  1 | 124 |   0 | 5.014765e-01 | 5.010030e-01 |   0.09%|  97.70%
  5.0s| 21100 | 10337 | 47419 |   2.2 |    51M |  24 |  21 |  11 |  45 |  33k|  2 | 124 |   0 | 5.014716e-01 | 5.010030e-01 |   0.09%|  97.71%
  5.0s| 21200 | 10391 | 47663 |   2.2 |    51M |  24 |  21 |  11 |  57 |  33k|  2 | 124 |   0 | 5.014690e-01 | 5.010030e-01 |   0.09%|  97.71%
  5.0s| 21300 | 10409 | 47863 |   2.2 |    51M |  24 |  21 |  11 |  49 |  33k|  2 | 124 |   0 | 5.014662e-01 | 5.010030e-01 |   0.09%|  97.72%
  5.0s| 21400 | 10431 | 48043 |   2.2 |    51M |  24 |  21 |  11 |  45 |  34k|  1 | 125 |   0 | 5.014662e-01 | 5.010030e-01 |   0.09%|  97.72%
 time | node  | left  |LP iter|LP it/n|mem/heur|mdpt |vars |cons |rows |cuts |sepa|confs|strbr|  dualbound   | primalbound  |  gap   | compl. 
  5.0s| 21500 | 10461 | 48242 |   2.2 |    51M |  24 |  21 |  11 |  45 |  34k|  2 | 126 |   0 | 5.014624e-01 | 5.010030e-01 |   0.09%|  97.73%
  5.0s| 21600 | 10497 | 48448 |   2.2 |    52M |  24 |  21 |  11 |  47 |  34k|  2 | 126 |   0 | 5.014605e-01 | 5.010030e-01 |   0.09%|  97.74%
  5.0s| 21700 | 10509 | 48665 |   2.2 |    52M |  24 |  21 |  11 |  48 |  34k|  1 | 128 |   0 | 5.014586e-01 | 5.010030e-01 |   0.09%|  97.74%
  5.0s| 21800 | 10553 | 48892 |   2.2 |    52M |  24 |  21 |  11 |  45 |  34k|  2 | 128 |   0 | 5.014540e-01 | 5.010030e-01 |   0.09%|  97.75%
  5.0s| 21900 | 10583 | 49087 |   2.2 |    52M |  24 |  21 |  11 |  48 |  34k|  2 | 128 |   0 | 5.014533e-01 | 5.010030e-01 |   0.09%|  97.75%
  5.0s| 22000 | 10601 | 49302 |   2.2 |    52M |  24 |  21 |  11 |  46 |  35k|  1 | 128 |   0 | 5.014494e-01 | 5.010030e-01 |   0.09%|  97.76%
  5.0s| 22100 | 10629 | 49498 |   2.2 |    52M |  24 |  21 |  11 |  46 |  35k|  2 | 128 |   0 | 5.014421e-01 | 5.010030e-01 |   0.09%|  97.77%
  5.0s| 22200 | 10655 | 49713 |   2.2 |    52M |  24 |  21 |  11 |  38 |  35k|  2 | 128 |   0 | 5.014404e-01 | 5.010030e-01 |   0.09%|  97.78%
  5.0s| 22300 | 10675 | 49896 |   2.2 |    52M |  24 |  21 |  11 |  41 |  35k|  2 | 128 |   0 | 5.014387e-01 | 5.010030e-01 |   0.09%|  97.79%
  5.0s| 22400 | 10685 | 50092 |   2.2 |    53M |  24 |  21 |  11 |  47 |  35k|  1 | 128 |   0 | 5.014334e-01 | 5.010030e-01 |   0.09%|  97.80%
  5.0s| 22500 | 10707 | 50286 |   2.2 |    53M |  25 |  21 |  11 |  56 |  35k|  1 | 128 |   0 | 5.014297e-01 | 5.010030e-01 |   0.09%|  97.80%
  5.0s| 22600 | 10731 | 50489 |   2.2 |    53M |  25 |  21 |  11 |  49 |  36k|  1 | 129 |   0 | 5.014274e-01 | 5.010030e-01 |   0.08%|  97.81%
  5.0s| 22700 | 10767 | 50679 |   2.2 |    53M |  25 |  21 |  11 |  51 |  36k|  2 | 131 |   0 | 5.014271e-01 | 5.010030e-01 |   0.08%|  97.82%
  5.0s| 22800 | 10805 | 50892 |   2.2 |    53M |  25 |  21 |  11 |  49 |  36k|  2 | 131 |   0 | 5.014258e-01 | 5.010030e-01 |   0.08%|  97.82%
  5.0s| 22900 | 10843 | 51089 |   2.2 |    53M |  25 |  21 |  11 |  47 |  36k|  2 | 133 |   0 | 5.014244e-01 | 5.010030e-01 |   0.08%|  97.83%
 time | node  | left  |LP iter|LP it/n|mem/heur|mdpt |vars |cons |rows |cuts |sepa|confs|strbr|  dualbound   | primalbound  |  gap   | compl. 
  5.0s| 23000 | 10857 | 51305 |   2.2 |    53M |  25 |  21 |  11 |  48 |  36k|  2 | 134 |   0 | 5.014200e-01 | 5.010030e-01 |   0.08%|  97.84%
  5.0s| 23100 | 10873 | 51503 |   2.2 |    53M |  25 |  21 |  11 |  45 |  36k|  2 | 134 |   0 | 5.014172e-01 | 5.010030e-01 |   0.08%|  97.85%
  5.0s| 23200 | 10875 | 51686 |   2.2 |    53M |  25 |  21 |  11 |  45 |  37k|  2 | 134 |   0 | 5.014117e-01 | 5.010030e-01 |   0.08%|  97.86%
  6.0s| 23300 | 10911 | 51900 |   2.2 |    53M |  25 |  21 |  11 |  57 |  37k|  1 | 134 |   0 | 5.014083e-01 | 5.010030e-01 |   0.08%|  97.87%
* 6.0s| 23335 | 10833 | 51966 |   2.2 |    LP  |  25 |  21 |  11 |  57 |  37k|  2 | 134 |   0 | 5.014069e-01 | 5.010051e-01 |   0.08%|  97.89%
  6.0s| 23400 | 10842 | 52093 |   2.2 |    53M |  25 |  21 |  11 |  47 |  37k|  2 | 134 |   0 | 5.014047e-01 | 5.010051e-01 |   0.08%|  97.90%
  6.0s| 23500 | 10862 | 52297 |   2.2 |    54M |  25 |  21 |  11 |  53 |  37k|  1 | 135 |   0 | 5.014037e-01 | 5.010051e-01 |   0.08%|  97.90%
  6.0s| 23600 | 10876 | 52477 |   2.2 |    54M |  25 |  21 |  11 |  46 |  37k|  1 | 135 |   0 | 5.014014e-01 | 5.010051e-01 |   0.08%|  97.92%
  6.0s| 23700 | 10896 | 52688 |   2.2 |    54M |  25 |  21 |  11 |  45 |  37k|  1 | 135 |   0 | 5.013982e-01 | 5.010051e-01 |   0.08%|  97.92%
  6.0s| 23800 | 10902 | 52866 |   2.2 |    54M |  25 |  21 |  11 |  46 |  38k|  2 | 135 |   0 | 5.013940e-01 | 5.010051e-01 |   0.08%|  97.94%
  6.0s| 23900 | 10934 | 53086 |   2.2 |    54M |  25 |  21 |  11 |  44 |  38k|  1 | 135 |   0 | 5.013882e-01 | 5.010051e-01 |   0.08%|  97.94%
  6.0s| 24000 | 10950 | 53282 |   2.2 |    55M |  25 |  21 |  11 |  58 |  38k|  2 | 135 |   0 | 5.013851e-01 | 5.010051e-01 |   0.08%|  97.95%
  6.0s| 24100 | 10996 | 53496 |   2.2 |    55M |  25 |  21 |  11 |  52 |  38k|  0 | 136 |   0 | 5.013825e-01 | 5.010051e-01 |   0.08%|  97.96%
  6.0s| 24200 | 11030 | 53728 |   2.2 |    55M |  25 |  21 |  11 |  44 |  38k|  2 | 136 |   0 | 5.013780e-01 | 5.010051e-01 |   0.07%|  97.97%
  6.0s| 24300 | 11048 | 53938 |   2.2 |    55M |  25 |  21 |  11 |  53 |  38k|  2 | 137 |   0 | 5.013745e-01 | 5.010051e-01 |   0.07%|  97.98%
 time | node  | left  |LP iter|LP it/n|mem/heur|mdpt |vars |cons |rows |cuts |sepa|confs|strbr|  dualbound   | primalbound  |  gap   | compl. 
  6.0s| 24400 | 11078 | 54156 |   2.2 |    56M |  25 |  21 |  11 |  52 |  39k|  2 | 137 |   0 | 5.013720e-01 | 5.010051e-01 |   0.07%|  97.98%
  6.0s| 24500 | 11116 | 54379 |   2.2 |    56M |  25 |  21 |  11 |  49 |  39k|  1 | 138 |   0 | 5.013704e-01 | 5.010051e-01 |   0.07%|  97.99%
  6.0s| 24600 | 11136 | 54594 |   2.2 |    56M |  25 |  21 |  11 |  47 |  39k|  1 | 138 |   0 | 5.013676e-01 | 5.010051e-01 |   0.07%|  98.00%
  6.0s| 24700 | 11148 | 54789 |   2.2 |    56M |  25 |  21 |  11 |  46 |  39k|  0 | 138 |   0 | 5.013659e-01 | 5.010051e-01 |   0.07%|  98.01%
  6.0s| 24800 | 11184 | 55000 |   2.2 |    56M |  25 |  21 |  11 |  53 |  39k|  2 | 138 |   0 | 5.013627e-01 | 5.010051e-01 |   0.07%|  98.01%
  6.0s| 24900 | 11214 | 55209 |   2.2 |    56M |  25 |  21 |  11 |  49 |  39k|  2 | 138 |   0 | 5.013612e-01 | 5.010051e-01 |   0.07%|  98.01%
  6.0s| 25000 | 11230 | 55408 |   2.2 |    56M |  25 |  21 |  11 |  58 |  39k|  2 | 138 |   0 | 5.013585e-01 | 5.010051e-01 |   0.07%|  98.02%
* 6.0s| 25056 | 11181 | 55509 |   2.2 |    LP  |  25 |  21 |  11 |  50 |  40k|  2 | 138 |   0 | 5.013573e-01 | 5.010058e-01 |   0.07%|  98.04%
  6.0s| 25100 | 11193 | 55602 |   2.2 |    56M |  25 |  21 |  11 |  45 |  40k|  2 | 138 |   0 | 5.013571e-01 | 5.010058e-01 |   0.07%|  98.04%
  6.0s| 25200 | 11211 | 55819 |   2.2 |    56M |  25 |  21 |  11 |  48 |  40k|  1 | 139 |   0 | 5.013553e-01 | 5.010058e-01 |   0.07%|  98.05%
  6.0s| 25300 | 11231 | 56022 |   2.2 |    56M |  25 |  21 |  11 |  58 |  40k|  2 | 139 |   0 | 5.013518e-01 | 5.010058e-01 |   0.07%|  98.05%
  6.0s| 25400 | 11253 | 56270 |   2.2 |    56M |  25 |  21 |  11 |  52 |  40k|  1 | 139 |   0 | 5.013510e-01 | 5.010058e-01 |   0.07%|  98.06%
  6.0s| 25500 | 11269 | 56491 |   2.2 |    56M |  25 |  21 |  11 |  47 |  40k|  1 | 139 |   0 | 5.013495e-01 | 5.010058e-01 |   0.07%|  98.06%
  6.0s| 25600 | 11273 | 56689 |   2.2 |    56M |  25 |  21 |  11 |  51 |  40k|  2 | 139 |   0 | 5.013459e-01 | 5.010058e-01 |   0.07%|  98.07%
  6.0s| 25700 | 11309 | 56913 |   2.2 |    56M |  25 |  21 |  11 |  47 |  41k|  1 | 139 |   0 | 5.013437e-01 | 5.010058e-01 |   0.07%|  98.07%
 time | node  | left  |LP iter|LP it/n|mem/heur|mdpt |vars |cons |rows |cuts |sepa|confs|strbr|  dualbound   | primalbound  |  gap   | compl. 
  6.0s| 25800 | 11337 | 57127 |   2.2 |    58M |  25 |  21 |  11 |  48 |  41k|  1 | 141 |   0 | 5.013425e-01 | 5.010058e-01 |   0.07%|  98.08%
  6.0s| 25900 | 11351 | 57315 |   2.2 |    58M |  25 |  21 |  11 |  53 |  41k|  1 | 141 |   0 | 5.013383e-01 | 5.010058e-01 |   0.07%|  98.08%
  6.0s| 26000 | 11371 | 57532 |   2.2 |    58M |  25 |  21 |  11 |  53 |  41k|  1 | 143 |   0 | 5.013365e-01 | 5.010058e-01 |   0.07%|  98.09%
  6.0s| 26100 | 11371 | 57720 |   2.2 |    58M |  25 |  21 |  11 |  47 |  41k|  2 | 143 |   0 | 5.013355e-01 | 5.010058e-01 |   0.07%|  98.09%
  6.0s| 26200 | 11393 | 57936 |   2.2 |    59M |  25 |  21 |  11 |  59 |  41k|  1 | 143 |   0 | 5.013338e-01 | 5.010058e-01 |   0.07%|  98.10%
  6.0s| 26300 | 11399 | 58147 |   2.2 |    59M |  25 |  21 |  11 |  54 |  42k|  1 | 143 |   0 | 5.013314e-01 | 5.010058e-01 |   0.07%|  98.10%
  6.0s| 26400 | 11421 | 58353 |   2.2 |    59M |  25 |  21 |  11 |  54 |  42k|  1 | 143 |   0 | 5.013300e-01 | 5.010058e-01 |   0.06%|  98.11%
  6.0s| 26500 | 11437 | 58556 |   2.2 |    59M |  25 |  21 |  11 |  51 |  42k|  2 | 143 |   0 | 5.013250e-01 | 5.010058e-01 |   0.06%|  98.11%
  6.0s| 26600 | 11449 | 58760 |   2.2 |    60M |  25 |  21 |  11 |  47 |  42k|  2 | 143 |   0 | 5.013246e-01 | 5.010058e-01 |   0.06%|  98.12%
  6.0s| 26700 | 11467 | 58981 |   2.2 |    61M |  25 |  21 |  11 |  51 |  42k|  2 | 143 |   0 | 5.013234e-01 | 5.010058e-01 |   0.06%|  98.12%
  6.0s| 26800 | 11463 | 59170 |   2.2 |    61M |  25 |  21 |  11 |  45 |  42k|  1 | 144 |   0 | 5.013226e-01 | 5.010058e-01 |   0.06%|  98.12%
  6.0s| 26900 | 11471 | 59368 |   2.2 |    61M |  25 |  21 |  11 |  48 |  43k|  2 | 144 |   0 | 5.013193e-01 | 5.010058e-01 |   0.06%|  98.13%
  6.0s| 27000 | 11479 | 59565 |   2.2 |    61M |  25 |  21 |  11 |  53 |  43k|  1 | 144 |   0 | 5.013182e-01 | 5.010058e-01 |   0.06%|  98.14%
  6.0s| 27100 | 11495 | 59778 |   2.2 |    61M |  25 |  21 |  11 |  53 |  43k|  1 | 144 |   0 | 5.013159e-01 | 5.010058e-01 |   0.06%|  98.14%
  6.0s| 27200 | 11525 | 60006 |   2.2 |    61M |  25 |  21 |  11 |  48 |  43k|  1 | 144 |   0 | 5.013145e-01 | 5.010058e-01 |   0.06%|  98.15%
 time | node  | left  |LP iter|LP it/n|mem/heur|mdpt |vars |cons |rows |cuts |sepa|confs|strbr|  dualbound   | primalbound  |  gap   | compl. 
  6.0s| 27300 | 11547 | 60213 |   2.2 |    61M |  25 |  21 |  11 |  55 |  43k|  2 | 144 |   0 | 5.013105e-01 | 5.010058e-01 |   0.06%|  98.15%
  6.0s| 27400 | 11577 | 60418 |   2.2 |    61M |  25 |  21 |  11 |  48 |  43k|  1 | 144 |   0 | 5.013097e-01 | 5.010058e-01 |   0.06%|  98.16%
  6.0s| 27500 | 11593 | 60628 |   2.2 |    61M |  25 |  21 |  11 |  46 |  44k|  0 | 146 |   0 | 5.013067e-01 | 5.010058e-01 |   0.06%|  98.16%
  6.0s| 27600 | 11599 | 60811 |   2.2 |    61M |  25 |  21 |  11 |  49 |  44k|  1 | 146 |   0 | 5.013053e-01 | 5.010058e-01 |   0.06%|  98.17%
  6.0s| 27700 | 11615 | 61019 |   2.2 |    61M |  25 |  21 |  11 |  48 |  44k|  2 | 146 |   0 | 5.013027e-01 | 5.010058e-01 |   0.06%|  98.18%
  6.0s| 27800 | 11623 | 61208 |   2.2 |    61M |  25 |  21 |  11 |  56 |  44k|  2 | 146 |   0 | 5.013013e-01 | 5.010058e-01 |   0.06%|  98.19%
  6.0s| 27900 | 11641 | 61414 |   2.2 |    61M |  25 |  21 |  11 |  53 |  44k|  2 | 146 |   0 | 5.013007e-01 | 5.010058e-01 |   0.06%|  98.19%
  6.0s| 28000 | 11655 | 61633 |   2.2 |    61M |  25 |  21 |  11 |  66 |  44k|  2 | 146 |   0 | 5.012993e-01 | 5.010058e-01 |   0.06%|  98.20%
  6.0s| 28100 | 11663 | 61850 |   2.2 |    61M |  25 |  21 |  11 |  51 |  45k|  2 | 146 |   0 | 5.012980e-01 | 5.010058e-01 |   0.06%|  98.20%
  7.0s| 28200 | 11673 | 62056 |   2.2 |    62M |  25 |  21 |  11 |  46 |  45k|  2 | 146 |   0 | 5.012967e-01 | 5.010058e-01 |   0.06%|  98.21%
  7.0s| 28300 | 11689 | 62270 |   2.2 |    62M |  25 |  21 |  11 |  58 |  45k|  2 | 147 |   0 | 5.012963e-01 | 5.010058e-01 |   0.06%|  98.21%
  7.0s| 28400 | 11689 | 62462 |   2.2 |    62M |  25 |  21 |  11 |  52 |  45k|  1 | 147 |   0 | 5.012944e-01 | 5.010058e-01 |   0.06%|  98.22%
  7.0s| 28500 | 11709 | 62673 |   2.2 |    62M |  25 |  21 |  11 |  44 |  45k|  2 | 147 |   0 | 5.012940e-01 | 5.010058e-01 |   0.06%|  98.22%
  7.0s| 28600 | 11721 | 62866 |   2.2 |    62M |  25 |  21 |  11 |  50 |  45k|  2 | 149 |   0 | 5.012932e-01 | 5.010058e-01 |   0.06%|  98.23%
  7.0s| 28700 | 11739 | 63067 |   2.2 |    63M |  25 |  21 |  11 |  54 |  45k|  2 | 149 |   0 | 5.012924e-01 | 5.010058e-01 |   0.06%|  98.23%
 time | node  | left  |LP iter|LP it/n|mem/heur|mdpt |vars |cons |rows |cuts |sepa|confs|strbr|  dualbound   | primalbound  |  gap   | compl. 
  7.0s| 28800 | 11753 | 63272 |   2.2 |    63M |  25 |  21 |  11 |  54 |  46k|  1 | 150 |   0 | 5.012883e-01 | 5.010058e-01 |   0.06%|  98.24%
  7.0s| 28900 | 11765 | 63476 |   2.2 |    63M |  25 |  21 |  11 |  58 |  46k|  2 | 150 |   0 | 5.012860e-01 | 5.010058e-01 |   0.06%|  98.25%
  7.0s| 29000 | 11777 | 63687 |   2.2 |    63M |  25 |  21 |  11 |  46 |  46k|  1 | 150 |   0 | 5.012846e-01 | 5.010058e-01 |   0.06%|  98.26%
  7.0s| 29100 | 11803 | 63891 |   2.2 |    63M |  25 |  21 |  11 |  58 |  46k|  1 | 150 |   0 | 5.012819e-01 | 5.010058e-01 |   0.06%|  98.26%
  7.0s| 29200 | 11817 | 64096 |   2.2 |    63M |  25 |  21 |  11 |  50 |  46k|  1 | 150 |   0 | 5.012795e-01 | 5.010058e-01 |   0.05%|  98.27%
  7.0s| 29300 | 11839 | 64304 |   2.2 |    63M |  25 |  21 |  11 |  49 |  46k|  1 | 150 |   0 | 5.012773e-01 | 5.010058e-01 |   0.05%|  98.27%
  7.0s| 29400 | 11849 | 64509 |   2.2 |    63M |  25 |  21 |  11 |  49 |  47k|  1 | 150 |   0 | 5.012747e-01 | 5.010058e-01 |   0.05%|  98.28%
  7.0s| 29500 | 11869 | 64738 |   2.2 |    63M |  26 |  21 |  11 |  50 |  47k|  1 | 150 |   0 | 5.012737e-01 | 5.010058e-01 |   0.05%|  98.28%
  7.0s| 29600 | 11881 | 64943 |   2.2 |    63M |  26 |  21 |  11 |  48 |  47k|  1 | 151 |   0 | 5.012710e-01 | 5.010058e-01 |   0.05%|  98.29%
  7.0s| 29700 | 11907 | 65175 |   2.2 |    63M |  26 |  21 |  11 |  53 |  47k|  2 | 151 |   0 | 5.012685e-01 | 5.010058e-01 |   0.05%|  98.29%
  7.0s| 29800 | 11915 | 65377 |   2.2 |    63M |  26 |  21 |  11 |  52 |  47k|  1 | 153 |   0 | 5.012662e-01 | 5.010058e-01 |   0.05%|  98.30%
  7.0s| 29900 | 11933 | 65592 |   2.2 |    63M |  26 |  21 |  11 |  56 |  47k|  0 | 154 |   0 | 5.012650e-01 | 5.010058e-01 |   0.05%|  98.31%
  7.0s| 30000 | 11951 | 65807 |   2.2 |    63M |  26 |  21 |  11 |  46 |  48k|  2 | 155 |   0 | 5.012626e-01 | 5.010058e-01 |   0.05%|  98.32%
  7.0s| 30100 | 11959 | 66002 |   2.2 |    63M |  26 |  21 |  11 |  49 |  48k|  1 | 155 |   0 | 5.012624e-01 | 5.010058e-01 |   0.05%|  98.33%
  7.0s| 30200 | 11975 | 66215 |   2.2 |    63M |  26 |  21 |  11 |  49 |  48k|  1 | 156 |   0 | 5.012591e-01 | 5.010058e-01 |   0.05%|  98.34%
 time | node  | left  |LP iter|LP it/n|mem/heur|mdpt |vars |cons |rows |cuts |sepa|confs|strbr|  dualbound   | primalbound  |  gap   | compl. 
  7.0s| 30300 | 11989 | 66434 |   2.2 |    63M |  26 |  21 |  11 |  53 |  48k|  1 | 156 |   0 | 5.012584e-01 | 5.010058e-01 |   0.05%|  98.34%
  7.0s| 30400 | 12005 | 66616 |   2.2 |    63M |  26 |  21 |  11 |  56 |  48k|  1 | 156 |   0 | 5.012571e-01 | 5.010058e-01 |   0.05%|  98.35%
  7.0s| 30500 | 12027 | 66810 |   2.2 |    63M |  26 |  21 |  11 |  51 |  48k|  1 | 157 |   0 | 5.012564e-01 | 5.010058e-01 |   0.05%|  98.35%
  7.0s| 30600 | 12043 | 67038 |   2.2 |    64M |  26 |  21 |  11 |  50 |  49k|  2 | 157 |   0 | 5.012556e-01 | 5.010058e-01 |   0.05%|  98.36%
  7.0s| 30700 | 12069 | 67264 |   2.2 |    64M |  26 |  21 |  11 |  45 |  49k|  2 | 158 |   0 | 5.012550e-01 | 5.010058e-01 |   0.05%|  98.36%
  7.0s| 30800 | 12073 | 67462 |   2.2 |    64M |  26 |  21 |  11 |  47 |  49k|  1 | 158 |   0 | 5.012540e-01 | 5.010058e-01 |   0.05%|  98.37%
  7.0s| 30900 | 12063 | 67648 |   2.2 |    64M |  26 |  21 |  11 |  47 |  49k|  2 | 159 |   0 | 5.012534e-01 | 5.010058e-01 |   0.05%|  98.37%
  7.0s| 31000 | 12095 | 67869 |   2.2 |    65M |  26 |  21 |  11 |  54 |  49k|  2 | 160 |   0 | 5.012525e-01 | 5.010058e-01 |   0.05%|  98.38%
  7.0s| 31100 | 12101 | 68041 |   2.2 |    65M |  26 |  21 |  11 |  53 |  49k|  1 | 160 |   0 | 5.012520e-01 | 5.010058e-01 |   0.05%|  98.38%
  7.0s| 31200 | 12109 | 68263 |   2.2 |    66M |  26 |  21 |  11 |  50 |  50k|  1 | 160 |   0 | 5.012513e-01 | 5.010058e-01 |   0.05%|  98.38%
  7.0s| 31300 | 12101 | 68479 |   2.2 |    66M |  26 |  21 |  11 |  51 |  50k|  0 | 160 |   0 | 5.012507e-01 | 5.010058e-01 |   0.05%|  98.39%
  7.0s| 31400 | 12117 | 68669 |   2.2 |    66M |  26 |  21 |  11 |  49 |  50k|  2 | 160 |   0 | 5.012489e-01 | 5.010058e-01 |   0.05%|  98.40%
  7.0s| 31500 | 12137 | 68896 |   2.2 |    66M |  26 |  21 |  11 |  49 |  50k|  1 | 160 |   0 | 5.012476e-01 | 5.010058e-01 |   0.05%|  98.40%
  7.0s| 31600 | 12129 | 69096 |   2.2 |    66M |  26 |  21 |  11 |  45 |  50k|  1 | 160 |   0 | 5.012472e-01 | 5.010058e-01 |   0.05%|  98.41%
  7.0s| 31700 | 12163 | 69302 |   2.2 |    66M |  26 |  21 |  11 |  63 |  50k|  3 | 160 |   0 | 5.012463e-01 | 5.010058e-01 |   0.05%|  98.41%
 time | node  | left  |LP iter|LP it/n|mem/heur|mdpt |vars |cons |rows |cuts |sepa|confs|strbr|  dualbound   | primalbound  |  gap   | compl. 
  7.0s| 31800 | 12141 | 69474 |   2.2 |    66M |  26 |  21 |  11 |  50 |  51k|  1 | 160 |   0 | 5.012450e-01 | 5.010058e-01 |   0.05%|  98.42%
  7.0s| 31900 | 12131 | 69648 |   2.2 |    66M |  26 |  21 |  11 |  43 |  51k|  2 | 161 |   0 | 5.012429e-01 | 5.010058e-01 |   0.05%|  98.42%
  7.0s| 32000 | 12143 | 69864 |   2.2 |    66M |  26 |  21 |  11 |  49 |  51k|  2 | 161 |   0 | 5.012419e-01 | 5.010058e-01 |   0.05%|  98.43%
  7.0s| 32100 | 12175 | 70087 |   2.2 |    66M |  26 |  21 |  11 |  43 |  51k|  2 | 161 |   0 | 5.012416e-01 | 5.010058e-01 |   0.05%|  98.43%
  7.0s| 32200 | 12165 | 70281 |   2.2 |    66M |  26 |  21 |  11 |  52 |  51k|  2 | 161 |   0 | 5.012395e-01 | 5.010058e-01 |   0.05%|  98.45%
  7.0s| 32300 | 12175 | 70482 |   2.2 |    66M |  26 |  21 |  11 |  50 |  51k|  2 | 162 |   0 | 5.012366e-01 | 5.010058e-01 |   0.05%|  98.46%
  7.0s| 32400 | 12175 | 70700 |   2.2 |    66M |  26 |  21 |  11 |  54 |  51k|  3 | 162 |   0 | 5.012340e-01 | 5.010058e-01 |   0.05%|  98.47%
  7.0s| 32500 | 12175 | 70898 |   2.2 |    66M |  26 |  21 |  11 |  56 |  52k|  1 | 162 |   0 | 5.012329e-01 | 5.010058e-01 |   0.05%|  98.47%
  7.0s| 32600 | 12195 | 71105 |   2.2 |    66M |  26 |  21 |  11 |  57 |  52k|  2 | 162 |   0 | 5.012320e-01 | 5.010058e-01 |   0.05%|  98.48%
  7.0s| 32700 | 12211 | 71307 |   2.2 |    67M |  26 |  21 |  11 |  53 |  52k|  2 | 162 |   0 | 5.012314e-01 | 5.010058e-01 |   0.05%|  98.49%
  7.0s| 32800 | 12203 | 71511 |   2.2 |    67M |  26 |  21 |  11 |  49 |  52k|  2 | 162 |   0 | 5.012305e-01 | 5.010058e-01 |   0.04%|  98.50%
  7.0s| 32900 | 12213 | 71732 |   2.2 |    67M |  26 |  21 |  11 |  53 |  52k|  1 | 164 |   0 | 5.012305e-01 | 5.010058e-01 |   0.04%|  98.50%
  7.0s| 33000 | 12213 | 71922 |   2.2 |    67M |  26 |  21 |  11 |  53 |  52k|  1 | 164 |   0 | 5.012301e-01 | 5.010058e-01 |   0.04%|  98.51%
  7.0s| 33100 | 12215 | 72121 |   2.2 |    67M |  26 |  21 |  11 |  56 |  53k|  2 | 164 |   0 | 5.012290e-01 | 5.010058e-01 |   0.04%|  98.52%
  8.0s| 33200 | 12205 | 72309 |   2.2 |    67M |  26 |  21 |  11 |  48 |  53k|  2 | 164 |   0 | 5.012285e-01 | 5.010058e-01 |   0.04%|  98.52%
 time | node  | left  |LP iter|LP it/n|mem/heur|mdpt |vars |cons |rows |cuts |sepa|confs|strbr|  dualbound   | primalbound  |  gap   | compl. 
  8.0s| 33300 | 12205 | 72497 |   2.2 |    67M |  26 |  21 |  11 |  49 |  53k|  2 | 165 |   0 | 5.012258e-01 | 5.010058e-01 |   0.04%|  98.53%
  8.0s| 33400 | 12235 | 72724 |   2.2 |    67M |  26 |  21 |  11 |  52 |  53k|  1 | 165 |   0 | 5.012257e-01 | 5.010058e-01 |   0.04%|  98.53%
  8.0s| 33500 | 12259 | 72931 |   2.2 |    67M |  26 |  21 |  11 |  48 |  53k|  1 | 165 |   0 | 5.012253e-01 | 5.010058e-01 |   0.04%|  98.53%
  8.0s| 33600 | 12251 | 73150 |   2.2 |    67M |  26 |  21 |  11 |  46 |  53k|  2 | 165 |   0 | 5.012243e-01 | 5.010058e-01 |   0.04%|  98.54%
  8.0s| 33700 | 12261 | 73356 |   2.2 |    67M |  26 |  21 |  11 |  50 |  54k|  2 | 165 |   0 | 5.012240e-01 | 5.010058e-01 |   0.04%|  98.54%
  8.0s| 33800 | 12263 | 73563 |   2.2 |    67M |  26 |  21 |  11 |  49 |  54k|  1 | 165 |   0 | 5.012236e-01 | 5.010058e-01 |   0.04%|  98.55%
  8.0s| 33900 | 12279 | 73771 |   2.2 |    67M |  26 |  21 |  11 |  52 |  54k|  1 | 165 |   0 | 5.012231e-01 | 5.010058e-01 |   0.04%|  98.55%
  8.0s| 34000 | 12281 | 73976 |   2.2 |    67M |  26 |  21 |  11 |  47 |  54k|  1 | 165 |   0 | 5.012226e-01 | 5.010058e-01 |   0.04%|  98.55%
  8.0s| 34100 | 12283 | 74183 |   2.2 |    67M |  26 |  21 |  11 |  58 |  54k|  1 | 165 |   0 | 5.012219e-01 | 5.010058e-01 |   0.04%|  98.56%
  8.0s| 34200 | 12279 | 74379 |   2.2 |    67M |  26 |  21 |  11 |  49 |  54k|  2 | 165 |   0 | 5.012206e-01 | 5.010058e-01 |   0.04%|  98.56%
  8.0s| 34300 | 12283 | 74585 |   2.2 |    67M |  26 |  21 |  11 |  47 |  54k|  2 | 165 |   0 | 5.012205e-01 | 5.010058e-01 |   0.04%|  98.58%
  8.0s| 34400 | 12283 | 74782 |   2.2 |    67M |  26 |  21 |  11 |  60 |  55k|  1 | 167 |   0 | 5.012204e-01 | 5.010058e-01 |   0.04%|  98.58%
  8.0s| 34500 | 12295 | 74995 |   2.2 |    67M |  26 |  21 |  11 |  48 |  55k|  2 | 167 |   0 | 5.012199e-01 | 5.010058e-01 |   0.04%|  98.59%
  8.0s| 34600 | 12295 | 75191 |   2.2 |    67M |  26 |  21 |  11 |  50 |  55k|  1 | 167 |   0 | 5.012195e-01 | 5.010058e-01 |   0.04%|  98.59%
  8.0s| 34700 | 12299 | 75391 |   2.2 |    67M |  26 |  21 |  11 |  53 |  55k|  2 | 167 |   0 | 5.012179e-01 | 5.010058e-01 |   0.04%|  98.61%
 time | node  | left  |LP iter|LP it/n|mem/heur|mdpt |vars |cons |rows |cuts |sepa|confs|strbr|  dualbound   | primalbound  |  gap   | compl. 
  8.0s| 34800 | 12305 | 75610 |   2.2 |    67M |  26 |  21 |  11 |  51 |  55k|  2 | 167 |   0 | 5.012166e-01 | 5.010058e-01 |   0.04%|  98.61%
  8.0s| 34900 | 12317 | 75828 |   2.2 |    67M |  26 |  21 |  11 |  53 |  55k|  1 | 168 |   0 | 5.012164e-01 | 5.010058e-01 |   0.04%|  98.62%
  8.0s| 35000 | 12323 | 76029 |   2.2 |    68M |  26 |  21 |  11 |  51 |  56k|  2 | 168 |   0 | 5.012149e-01 | 5.010058e-01 |   0.04%|  98.62%
  8.0s| 35100 | 12323 | 76232 |   2.2 |    68M |  26 |  21 |  11 |  46 |  56k|  1 | 169 |   0 | 5.012138e-01 | 5.010058e-01 |   0.04%|  98.63%
  8.0s| 35200 | 12329 | 76440 |   2.2 |    68M |  26 |  21 |  11 |  45 |  56k|  1 | 169 |   0 | 5.012137e-01 | 5.010058e-01 |   0.04%|  98.64%
  8.0s| 35300 | 12319 | 76630 |   2.2 |    68M |  26 |  21 |  11 |  61 |  56k|  2 | 170 |   0 | 5.012122e-01 | 5.010058e-01 |   0.04%|  98.65%
  8.0s| 35400 | 12315 | 76837 |   2.2 |    68M |  26 |  21 |  11 |  40 |  56k|  2 | 170 |   0 | 5.012106e-01 | 5.010058e-01 |   0.04%|  98.65%
  8.0s| 35500 | 12331 | 77048 |   2.2 |    68M |  26 |  21 |  11 |  48 |  56k|  1 | 170 |   0 | 5.012103e-01 | 5.010058e-01 |   0.04%|  98.66%
  8.0s| 35600 | 12349 | 77282 |   2.2 |    68M |  26 |  21 |  11 |  46 |  57k|  2 | 171 |   0 | 5.012078e-01 | 5.010058e-01 |   0.04%|  98.66%
  8.0s| 35700 | 12345 | 77475 |   2.2 |    68M |  26 |  21 |  11 |  47 |  57k|  2 | 171 |   0 | 5.012074e-01 | 5.010058e-01 |   0.04%|  98.67%
  8.0s| 35800 | 12335 | 77676 |   2.2 |    68M |  26 |  21 |  11 |  52 |  57k|  1 | 171 |   0 | 5.012073e-01 | 5.010058e-01 |   0.04%|  98.67%
  8.0s| 35900 | 12353 | 77870 |   2.2 |    69M |  27 |  21 |  11 |  54 |  57k|  1 | 171 |   0 | 5.012069e-01 | 5.010058e-01 |   0.04%|  98.67%
  8.0s| 36000 | 12363 | 78083 |   2.2 |    69M |  27 |  21 |  11 |  55 |  57k|  2 | 171 |   0 | 5.012069e-01 | 5.010058e-01 |   0.04%|  98.67%
  8.0s| 36100 | 12379 | 78301 |   2.2 |    69M |  27 |  21 |  11 |  56 |  57k|  1 | 171 |   0 | 5.012054e-01 | 5.010058e-01 |   0.04%|  98.68%
  8.0s| 36200 | 12391 | 78527 |   2.2 |    69M |  27 |  21 |  11 |  58 |  58k|  1 | 172 |   0 | 5.012045e-01 | 5.010058e-01 |   0.04%|  98.68%
 time | node  | left  |LP iter|LP it/n|mem/heur|mdpt |vars |cons |rows |cuts |sepa|confs|strbr|  dualbound   | primalbound  |  gap   | compl. 
  8.0s| 36300 | 12379 | 78725 |   2.2 |    69M |  27 |  21 |  11 |  41 |  58k|  2 | 172 |   0 | 5.012024e-01 | 5.010058e-01 |   0.04%|  98.70%
  8.0s| 36400 | 12381 | 78939 |   2.2 |    69M |  27 |  21 |  11 |  48 |  58k|  2 | 173 |   0 | 5.012024e-01 | 5.010058e-01 |   0.04%|  98.70%
  8.0s| 36500 | 12383 | 79145 |   2.2 |    69M |  27 |  21 |  11 |  44 |  58k|  2 | 173 |   0 | 5.012015e-01 | 5.010058e-01 |   0.04%|  98.71%
  8.0s| 36600 | 12367 | 79354 |   2.2 |    69M |  27 |  21 |  11 |  55 |  58k|  1 | 173 |   0 | 5.012009e-01 | 5.010058e-01 |   0.04%|  98.71%
  8.0s| 36700 | 12353 | 79536 |   2.2 |    69M |  27 |  21 |  11 |  55 |  58k|  2 | 173 |   0 | 5.012007e-01 | 5.010058e-01 |   0.04%|  98.71%
  8.0s| 36800 | 12359 | 79727 |   2.2 |    69M |  27 |  21 |  11 |  51 |  59k|  2 | 174 |   0 | 5.012006e-01 | 5.010058e-01 |   0.04%|  98.72%
  8.0s| 36900 | 12349 | 79934 |   2.2 |    69M |  27 |  21 |  11 |  46 |  59k|  1 | 174 |   0 | 5.012000e-01 | 5.010058e-01 |   0.04%|  98.72%
  8.0s| 37000 | 12343 | 80129 |   2.2 |    69M |  27 |  21 |  11 |  49 |  59k|  1 | 174 |   0 | 5.011999e-01 | 5.010058e-01 |   0.04%|  98.73%
  8.0s| 37100 | 12339 | 80331 |   2.2 |    69M |  27 |  21 |  11 |  48 |  59k|  1 | 174 |   0 | 5.011994e-01 | 5.010058e-01 |   0.04%|  98.73%
  8.0s| 37200 | 12349 | 80562 |   2.2 |    69M |  27 |  21 |  11 |  52 |  59k|  1 | 175 |   0 | 5.011994e-01 | 5.010058e-01 |   0.04%|  98.74%
  8.0s| 37300 | 12345 | 80771 |   2.2 |    69M |  27 |  21 |  11 |  50 |  59k|  2 | 175 |   0 | 5.011978e-01 | 5.010058e-01 |   0.04%|  98.75%
  8.0s| 37400 | 12331 | 80975 |   2.2 |    70M |  27 |  21 |  11 |  53 |  59k|  2 | 175 |   0 | 5.011963e-01 | 5.010058e-01 |   0.04%|  98.75%
  8.0s| 37500 | 12325 | 81174 |   2.2 |    70M |  27 |  21 |  11 |  52 |  60k|  2 | 176 |   0 | 5.011952e-01 | 5.010058e-01 |   0.04%|  98.77%
  8.0s| 37600 | 12331 | 81379 |   2.2 |    70M |  27 |  21 |  11 |  57 |  60k|  1 | 177 |   0 | 5.011942e-01 | 5.010058e-01 |   0.04%|  98.77%
  8.0s| 37700 | 12345 | 81606 |   2.2 |    70M |  27 |  21 |  11 |  52 |  60k|  2 | 177 |   0 | 5.011925e-01 | 5.010058e-01 |   0.04%|  98.78%
 time | node  | left  |LP iter|LP it/n|mem/heur|mdpt |vars |cons |rows |cuts |sepa|confs|strbr|  dualbound   | primalbound  |  gap   | compl. 
  8.0s| 37800 | 12339 | 81800 |   2.2 |    71M |  27 |  21 |  11 |  56 |  60k|  2 | 177 |   0 | 5.011914e-01 | 5.010058e-01 |   0.04%|  98.79%
  8.0s| 37900 | 12343 | 82027 |   2.2 |    71M |  27 |  21 |  11 |  51 |  60k|  1 | 179 |   0 | 5.011901e-01 | 5.010058e-01 |   0.04%|  98.79%
  8.0s| 38000 | 12333 | 82220 |   2.2 |    71M |  27 |  21 |  11 |  46 |  60k|  2 | 179 |   0 | 5.011891e-01 | 5.010058e-01 |   0.04%|  98.80%
  8.0s| 38100 | 12315 | 82405 |   2.2 |    71M |  27 |  21 |  11 |  53 |  61k|  2 | 180 |   0 | 5.011872e-01 | 5.010058e-01 |   0.04%|  98.81%
  8.0s| 38200 | 12321 | 82593 |   2.2 |    71M |  27 |  21 |  11 |  52 |  61k|  2 | 180 |   0 | 5.011869e-01 | 5.010058e-01 |   0.04%|  98.81%
  8.0s| 38300 | 12307 | 82767 |   2.2 |    71M |  27 |  21 |  11 |  50 |  61k|  2 | 180 |   0 | 5.011854e-01 | 5.010058e-01 |   0.04%|  98.82%
  9.0s| 38400 | 12317 | 82993 |   2.2 |    72M |  27 |  21 |  11 |  47 |  61k|  1 | 181 |   0 | 5.011851e-01 | 5.010058e-01 |   0.04%|  98.82%
  9.0s| 38500 | 12329 | 83187 |   2.2 |    72M |  27 |  21 |  11 |  48 |  61k|  2 | 183 |   0 | 5.011832e-01 | 5.010058e-01 |   0.04%|  98.83%
  9.0s| 38600 | 12333 | 83404 |   2.2 |    73M |  27 |  21 |  11 |  48 |  61k|  1 | 183 |   0 | 5.011825e-01 | 5.010058e-01 |   0.04%|  98.84%
  9.0s| 38700 | 12321 | 83607 |   2.2 |    73M |  27 |  21 |  11 |  49 |  62k|  2 | 183 |   0 | 5.011810e-01 | 5.010058e-01 |   0.03%|  98.84%
  9.0s| 38800 | 12333 | 83813 |   2.2 |    73M |  27 |  21 |  11 |  61 |  62k|  1 | 183 |   0 | 5.011800e-01 | 5.010058e-01 |   0.03%|  98.84%
  9.0s| 38900 | 12313 | 84017 |   2.2 |    73M |  27 |  21 |  11 |  49 |  62k|  1 | 185 |   0 | 5.011799e-01 | 5.010058e-01 |   0.03%|  98.85%
  9.0s| 39000 | 12307 | 84218 |   2.2 |    73M |  27 |  21 |  11 |  59 |  62k|  2 | 189 |   0 | 5.011794e-01 | 5.010058e-01 |   0.03%|  98.86%
  9.0s| 39100 | 12315 | 84425 |   2.2 |    73M |  27 |  21 |  11 |  51 |  62k|  0 | 190 |   0 | 5.011783e-01 | 5.010058e-01 |   0.03%|  98.86%
  9.0s| 39200 | 12319 | 84642 |   2.2 |    73M |  27 |  21 |  11 |  48 |  62k|  1 | 190 |   0 | 5.011758e-01 | 5.010058e-01 |   0.03%|  98.87%
 time | node  | left  |LP iter|LP it/n|mem/heur|mdpt |vars |cons |rows |cuts |sepa|confs|strbr|  dualbound   | primalbound  |  gap   | compl. 
  9.0s| 39300 | 12303 | 84856 |   2.2 |    74M |  27 |  21 |  11 |  46 |  63k|  1 | 190 |   0 | 5.011749e-01 | 5.010058e-01 |   0.03%|  98.88%
  9.0s| 39400 | 12307 | 85056 |   2.2 |    74M |  27 |  21 |  11 |  52 |  63k|  2 | 190 |   0 | 5.011739e-01 | 5.010058e-01 |   0.03%|  98.88%
  9.0s| 39500 | 12303 | 85272 |   2.2 |    74M |  27 |  21 |  11 |  54 |  63k|  2 | 190 |   0 | 5.011739e-01 | 5.010058e-01 |   0.03%|  98.88%
  9.0s| 39600 | 12299 | 85470 |   2.2 |    74M |  27 |  21 |  11 |  49 |  63k|  2 | 190 |   0 | 5.011735e-01 | 5.010058e-01 |   0.03%|  98.89%
  9.0s| 39700 | 12301 | 85703 |   2.2 |    75M |  27 |  21 |  11 |  52 |  63k|  0 | 190 |   0 | 5.011730e-01 | 5.010058e-01 |   0.03%|  98.90%
  9.0s| 39800 | 12291 | 85922 |   2.2 |    75M |  27 |  21 |  11 |  46 |  63k|  2 | 191 |   0 | 5.011718e-01 | 5.010058e-01 |   0.03%|  98.90%
  9.0s| 39900 | 12287 | 86105 |   2.2 |    75M |  27 |  21 |  11 |  48 |  63k|  2 | 192 |   0 | 5.011710e-01 | 5.010058e-01 |   0.03%|  98.90%
  9.0s| 40000 | 12277 | 86316 |   2.2 |    75M |  27 |  21 |  11 |  51 |  64k|  2 | 192 |   0 | 5.011695e-01 | 5.010058e-01 |   0.03%|  98.91%
  9.0s| 40100 | 12287 | 86527 |   2.2 |    75M |  27 |  21 |  11 |  53 |  64k|  2 | 192 |   0 | 5.011684e-01 | 5.010058e-01 |   0.03%|  98.92%
  9.0s| 40200 | 12295 | 86753 |   2.2 |    75M |  27 |  21 |  11 |  57 |  64k|  2 | 192 |   0 | 5.011652e-01 | 5.010058e-01 |   0.03%|  98.92%
  9.0s| 40300 | 12291 | 86935 |   2.2 |    75M |  27 |  21 |  11 |  48 |  64k|  1 | 194 |   0 | 5.011652e-01 | 5.010058e-01 |   0.03%|  98.92%
  9.0s| 40400 | 12273 | 87148 |   2.2 |    75M |  27 |  21 |  11 |  52 |  64k|  1 | 194 |   0 | 5.011624e-01 | 5.010058e-01 |   0.03%|  98.93%
  9.0s| 40500 | 12277 | 87345 |   2.2 |    75M |  27 |  21 |  11 |  60 |  64k|  2 | 194 |   0 | 5.011617e-01 | 5.010058e-01 |   0.03%|  98.93%
  9.0s| 40600 | 12267 | 87543 |   2.2 |    75M |  27 |  21 |  11 |  52 |  65k|  1 | 194 |   0 | 5.011615e-01 | 5.010058e-01 |   0.03%|  98.94%
  9.0s| 40700 | 12247 | 87714 |   2.2 |    75M |  27 |  21 |  11 |  49 |  65k|  1 | 194 |   0 | 5.011607e-01 | 5.010058e-01 |   0.03%|  98.94%
 time | node  | left  |LP iter|LP it/n|mem/heur|mdpt |vars |cons |rows |cuts |sepa|confs|strbr|  dualbound   | primalbound  |  gap   | compl. 
  9.0s| 40800 | 12243 | 87902 |   2.2 |    75M |  27 |  21 |  11 |  52 |  65k|  2 | 194 |   0 | 5.011603e-01 | 5.010058e-01 |   0.03%|  98.94%
  9.0s| 40900 | 12237 | 88110 |   2.2 |    75M |  27 |  21 |  11 |  59 |  65k|  0 | 195 |   0 | 5.011603e-01 | 5.010058e-01 |   0.03%|  98.95%
  9.0s| 41000 | 12233 | 88325 |   2.2 |    75M |  27 |  21 |  11 |  57 |  65k|  1 | 195 |   0 | 5.011598e-01 | 5.010058e-01 |   0.03%|  98.95%
  9.0s| 41100 | 12227 | 88525 |   2.2 |    75M |  27 |  21 |  11 |  51 |  65k|  2 | 195 |   0 | 5.011585e-01 | 5.010058e-01 |   0.03%|  98.96%
  9.0s| 41200 | 12237 | 88728 |   2.2 |    75M |  27 |  21 |  11 |  49 |  66k|  1 | 196 |   0 | 5.011585e-01 | 5.010058e-01 |   0.03%|  98.97%
  9.0s| 41300 | 12235 | 88928 |   2.2 |    75M |  27 |  21 |  11 |  49 |  66k|  2 | 196 |   0 | 5.011584e-01 | 5.010058e-01 |   0.03%|  98.97%
  9.0s| 41400 | 12219 | 89115 |   2.2 |    75M |  27 |  21 |  11 |  50 |  66k|  1 | 196 |   0 | 5.011580e-01 | 5.010058e-01 |   0.03%|  98.97%
  9.0s| 41500 | 12201 | 89325 |   2.2 |    75M |  27 |  21 |  11 |  48 |  66k|  1 | 197 |   0 | 5.011575e-01 | 5.010058e-01 |   0.03%|  98.98%
  9.0s| 41600 | 12179 | 89499 |   2.2 |    75M |  27 |  21 |  11 |  52 |  66k|  2 | 197 |   0 | 5.011566e-01 | 5.010058e-01 |   0.03%|  98.99%
  9.0s| 41700 | 12169 | 89702 |   2.2 |    75M |  27 |  21 |  11 |  45 |  66k|  1 | 197 |   0 | 5.011563e-01 | 5.010058e-01 |   0.03%|  98.99%
  9.0s| 41800 | 12153 | 89889 |   2.1 |    75M |  27 |  21 |  11 |  52 |  67k|  1 | 198 |   0 | 5.011563e-01 | 5.010058e-01 |   0.03%|  99.00%
  9.0s| 41900 | 12149 | 90081 |   2.1 |    75M |  27 |  21 |  11 |  56 |  67k|  2 | 199 |   0 | 5.011548e-01 | 5.010058e-01 |   0.03%|  99.00%
  9.0s| 42000 | 12167 | 90289 |   2.1 |    75M |  28 |  21 |  11 |  50 |  67k|  1 | 200 |   0 | 5.011530e-01 | 5.010058e-01 |   0.03%|  99.01%
  9.0s| 42100 | 12161 | 90494 |   2.1 |    75M |  28 |  21 |  11 |  53 |  67k|  2 | 200 |   0 | 5.011526e-01 | 5.010058e-01 |   0.03%|  99.01%
  9.0s| 42200 | 12135 | 90678 |   2.1 |    75M |  28 |  21 |  11 |  54 |  67k|  0 | 201 |   0 | 5.011523e-01 | 5.010058e-01 |   0.03%|  99.02%
 time | node  | left  |LP iter|LP it/n|mem/heur|mdpt |vars |cons |rows |cuts |sepa|confs|strbr|  dualbound   | primalbound  |  gap   | compl. 
  9.0s| 42300 | 12131 | 90885 |   2.1 |    75M |  28 |  21 |  11 |  55 |  67k|  2 | 201 |   0 | 5.011516e-01 | 5.010058e-01 |   0.03%|  99.03%
  9.0s| 42400 | 12135 | 91108 |   2.1 |    75M |  28 |  21 |  11 |  48 |  67k|  2 | 202 |   0 | 5.011508e-01 | 5.010058e-01 |   0.03%|  99.03%
  9.0s| 42500 | 12129 | 91291 |   2.1 |    75M |  28 |  21 |  11 |  55 |  68k|  2 | 202 |   0 | 5.011495e-01 | 5.010058e-01 |   0.03%|  99.04%
  9.0s| 42600 | 12135 | 91497 |   2.1 |    75M |  28 |  21 |  11 |  66 |  68k|  2 | 204 |   0 | 5.011493e-01 | 5.010058e-01 |   0.03%|  99.04%
  9.0s| 42700 | 12111 | 91667 |   2.1 |    75M |  28 |  21 |  11 |  56 |  68k|  2 | 204 |   0 | 5.011475e-01 | 5.010058e-01 |   0.03%|  99.05%
  9.0s| 42800 | 12101 | 91855 |   2.1 |    75M |  28 |  21 |  11 |  51 |  68k|  1 | 206 |   0 | 5.011461e-01 | 5.010058e-01 |   0.03%|  99.05%
  9.0s| 42900 | 12081 | 92044 |   2.1 |    75M |  28 |  21 |  11 |  53 |  68k|  2 | 211 |   0 | 5.011449e-01 | 5.010058e-01 |   0.03%|  99.06%
  9.0s| 43000 | 12075 | 92253 |   2.1 |    75M |  28 |  21 |  11 |  45 |  68k|  1 | 211 |   0 | 5.011433e-01 | 5.010058e-01 |   0.03%|  99.06%
  9.0s| 43100 | 12061 | 92452 |   2.1 |    75M |  29 |  21 |  11 |  56 |  69k|  1 | 212 |   0 | 5.011430e-01 | 5.010058e-01 |   0.03%|  99.06%
  9.0s| 43200 | 12063 | 92656 |   2.1 |    75M |  29 |  21 |  11 |  49 |  69k|  1 | 212 |   0 | 5.011426e-01 | 5.010058e-01 |   0.03%|  99.06%
  9.0s| 43300 | 12045 | 92855 |   2.1 |    75M |  29 |  21 |  11 |  52 |  69k|  1 | 212 |   0 | 5.011408e-01 | 5.010058e-01 |   0.03%|  99.07%
  9.0s| 43400 | 12037 | 93054 |   2.1 |    75M |  29 |  21 |  11 |  52 |  69k|  1 | 213 |   0 | 5.011399e-01 | 5.010058e-01 |   0.03%|  99.07%
 10.0s| 43500 | 12017 | 93244 |   2.1 |    75M |  29 |  21 |  11 |  50 |  69k|  0 | 213 |   0 | 5.011384e-01 | 5.010058e-01 |   0.03%|  99.08%
 10.0s| 43600 | 12005 | 93419 |   2.1 |    75M |  29 |  21 |  11 |  47 |  69k|  1 | 213 |   0 | 5.011381e-01 | 5.010058e-01 |   0.03%|  99.08%
 10.0s| 43700 | 11993 | 93615 |   2.1 |    75M |  29 |  21 |  11 |  60 |  69k|  2 | 213 |   0 | 5.011381e-01 | 5.010058e-01 |   0.03%|  99.08%
 time | node  | left  |LP iter|LP it/n|mem/heur|mdpt |vars |cons |rows |cuts |sepa|confs|strbr|  dualbound   | primalbound  |  gap   | compl. 
 10.0s| 43800 | 11975 | 93817 |   2.1 |    76M |  29 |  21 |  11 |  58 |  70k|  1 | 213 |   0 | 5.011373e-01 | 5.010058e-01 |   0.03%|  99.09%
 10.0s| 43900 | 11963 | 94013 |   2.1 |    76M |  29 |  21 |  11 |  54 |  70k|  2 | 213 |   0 | 5.011370e-01 | 5.010058e-01 |   0.03%|  99.10%
 10.0s| 44000 | 11947 | 94204 |   2.1 |    76M |  29 |  21 |  11 |  50 |  70k|  2 | 213 |   0 | 5.011366e-01 | 5.010058e-01 |   0.03%|  99.10%
 10.0s| 44100 | 11923 | 94393 |   2.1 |    76M |  29 |  21 |  11 |  51 |  70k|  1 | 213 |   0 | 5.011357e-01 | 5.010058e-01 |   0.03%|  99.11%
 10.0s| 44200 | 11917 | 94608 |   2.1 |    76M |  29 |  21 |  11 |  58 |  70k|  2 | 213 |   0 | 5.011346e-01 | 5.010058e-01 |   0.03%|  99.11%
 10.0s| 44300 | 11913 | 94810 |   2.1 |    76M |  29 |  21 |  11 |  50 |  70k|  1 | 213 |   0 | 5.011341e-01 | 5.010058e-01 |   0.03%|  99.11%
 10.0s| 44400 | 11899 | 95007 |   2.1 |    76M |  29 |  21 |  11 |  49 |  71k|  1 | 213 |   0 | 5.011328e-01 | 5.010058e-01 |   0.03%|  99.12%
 10.0s| 44500 | 11891 | 95203 |   2.1 |    76M |  29 |  21 |  11 |  49 |  71k|  1 | 213 |   0 | 5.011319e-01 | 5.010058e-01 |   0.03%|  99.12%
 10.0s| 44600 | 11877 | 95389 |   2.1 |    76M |  29 |  21 |  11 |  53 |  71k|  0 | 213 |   0 | 5.011306e-01 | 5.010058e-01 |   0.02%|  99.12%
 10.0s| 44700 | 11851 | 95573 |   2.1 |    76M |  29 |  21 |  11 |  61 |  71k|  1 | 213 |   0 | 5.011295e-01 | 5.010058e-01 |   0.02%|  99.13%
 10.0s| 44800 | 11831 | 95774 |   2.1 |    76M |  29 |  21 |  11 |  50 |  71k|  1 | 213 |   0 | 5.011286e-01 | 5.010058e-01 |   0.02%|  99.13%
 10.0s| 44900 | 11827 | 95981 |   2.1 |    76M |  29 |  21 |  11 |  50 |  71k|  1 | 213 |   0 | 5.011277e-01 | 5.010058e-01 |   0.02%|  99.14%
 10.0s| 45000 | 11827 | 96172 |   2.1 |    76M |  29 |  21 |  11 |  62 |  71k|  2 | 213 |   0 | 5.011269e-01 | 5.010058e-01 |   0.02%|  99.14%
 10.0s| 45100 | 11821 | 96379 |   2.1 |    76M |  29 |  21 |  11 |  49 |  72k|  2 | 213 |   0 | 5.011267e-01 | 5.010058e-01 |   0.02%|  99.14%
 10.0s| 45200 | 11819 | 96577 |   2.1 |    76M |  29 |  21 |  11 |  49 |  72k|  2 | 213 |   0 | 5.011266e-01 | 5.010058e-01 |   0.02%|  99.15%
 time | node  | left  |LP iter|LP it/n|mem/heur|mdpt |vars |cons |rows |cuts |sepa|confs|strbr|  dualbound   | primalbound  |  gap   | compl. 
 10.0s| 45300 | 11807 | 96771 |   2.1 |    76M |  29 |  21 |  11 |  55 |  72k|  1 | 213 |   0 | 5.011256e-01 | 5.010058e-01 |   0.02%|  99.15%
 10.0s| 45400 | 11799 | 96966 |   2.1 |    76M |  29 |  21 |  11 |  52 |  72k|  1 | 213 |   0 | 5.011254e-01 | 5.010058e-01 |   0.02%|  99.15%
 10.0s| 45500 | 11785 | 97151 |   2.1 |    76M |  29 |  21 |  11 |  55 |  72k|  2 | 213 |   0 | 5.011248e-01 | 5.010058e-01 |   0.02%|  99.16%
 10.0s| 45600 | 11777 | 97332 |   2.1 |    76M |  29 |  21 |  11 |  49 |  72k|  2 | 214 |   0 | 5.011243e-01 | 5.010058e-01 |   0.02%|  99.16%
 10.0s| 45700 | 11759 | 97508 |   2.1 |    76M |  29 |  21 |  11 |  51 |  73k|  1 | 214 |   0 | 5.011234e-01 | 5.010058e-01 |   0.02%|  99.17%
 10.0s| 45800 | 11741 | 97707 |   2.1 |    76M |  29 |  21 |  11 |  66 |  73k|  2 | 215 |   0 | 5.011215e-01 | 5.010058e-01 |   0.02%|  99.17%
 10.0s| 45900 | 11747 | 97909 |   2.1 |    76M |  29 |  21 |  11 |  53 |  73k|  1 | 215 |   0 | 5.011209e-01 | 5.010058e-01 |   0.02%|  99.18%
 10.0s| 46000 | 11709 | 98109 |   2.1 |    76M |  29 |  21 |  11 |  53 |  73k|  1 | 215 |   0 | 5.011192e-01 | 5.010058e-01 |   0.02%|  99.18%
 10.0s| 46100 | 11679 | 98268 |   2.1 |    76M |  29 |  21 |  11 |  57 |  73k|  2 | 215 |   0 | 5.011185e-01 | 5.010058e-01 |   0.02%|  99.19%
 10.0s| 46200 | 11667 | 98488 |   2.1 |    76M |  29 |  21 |  11 |  48 |  73k|  1 | 215 |   0 | 5.011182e-01 | 5.010058e-01 |   0.02%|  99.19%
 10.0s| 46300 | 11663 | 98690 |   2.1 |    76M |  29 |  21 |  11 |  63 |  74k|  2 | 215 |   0 | 5.011168e-01 | 5.010058e-01 |   0.02%|  99.19%
 10.0s| 46400 | 11641 | 98880 |   2.1 |    76M |  29 |  21 |  11 |  47 |  74k|  2 | 215 |   0 | 5.011159e-01 | 5.010058e-01 |   0.02%|  99.20%
 10.0s| 46500 | 11627 | 99057 |   2.1 |    76M |  29 |  21 |  11 |  54 |  74k|  1 | 215 |   0 | 5.011155e-01 | 5.010058e-01 |   0.02%|  99.21%
 10.0s| 46600 | 11597 | 99234 |   2.1 |    76M |  29 |  21 |  11 |  48 |  74k|  1 | 216 |   0 | 5.011145e-01 | 5.010058e-01 |   0.02%|  99.21%
 10.0s| 46700 | 11577 | 99423 |   2.1 |    76M |  29 |  21 |  11 |  57 |  74k|  2 | 217 |   0 | 5.011141e-01 | 5.010058e-01 |   0.02%|  99.22%
 time | node  | left  |LP iter|LP it/n|mem/heur|mdpt |vars |cons |rows |cuts |sepa|confs|strbr|  dualbound   | primalbound  |  gap   | compl. 
 10.0s| 46800 | 11557 | 99636 |   2.1 |    76M |  29 |  21 |  11 |  50 |  74k|  2 | 218 |   0 | 5.011138e-01 | 5.010058e-01 |   0.02%|  99.22%
 10.0s| 46900 | 11555 | 99856 |   2.1 |    76M |  29 |  21 |  11 |  47 |  74k|  1 | 219 |   0 | 5.011125e-01 | 5.010058e-01 |   0.02%|  99.23%
 10.0s| 47000 | 11533 |100056 |   2.1 |    76M |  29 |  21 |  11 |  62 |  75k|  1 | 220 |   0 | 5.011120e-01 | 5.010058e-01 |   0.02%|  99.23%
 10.0s| 47100 | 11513 |100253 |   2.1 |    76M |  29 |  21 |  11 |  51 |  75k|  1 | 221 |   0 | 5.011111e-01 | 5.010058e-01 |   0.02%|  99.23%
 10.0s| 47200 | 11493 |100453 |   2.1 |    76M |  29 |  21 |  11 |  53 |  75k|  1 | 222 |   0 | 5.011106e-01 | 5.010058e-01 |   0.02%|  99.24%
 10.0s| 47300 | 11495 |100660 |   2.1 |    76M |  29 |  21 |  11 |  48 |  75k|  1 | 222 |   0 | 5.011091e-01 | 5.010058e-01 |   0.02%|  99.25%
 10.0s| 47400 | 11481 |100850 |   2.1 |    76M |  29 |  21 |  11 |  52 |  75k|  2 | 223 |   0 | 5.011075e-01 | 5.010058e-01 |   0.02%|  99.25%
 10.0s| 47500 | 11473 |101057 |   2.1 |    77M |  29 |  21 |  11 |  54 |  75k|  2 | 223 |   0 | 5.011067e-01 | 5.010058e-01 |   0.02%|  99.26%
 10.0s| 47600 | 11455 |101231 |   2.1 |    77M |  29 |  21 |  11 |  53 |  76k|  2 | 223 |   0 | 5.011065e-01 | 5.010058e-01 |   0.02%|  99.26%
 10.0s| 47700 | 11457 |101426 |   2.1 |    77M |  29 |  21 |  11 |  60 |  76k|  1 | 223 |   0 | 5.011058e-01 | 5.010058e-01 |   0.02%|  99.26%
 10.0s| 47800 | 11455 |101635 |   2.1 |    77M |  29 |  21 |  11 |  50 |  76k|  1 | 223 |   0 | 5.011053e-01 | 5.010058e-01 |   0.02%|  99.27%
 10.0s| 47900 | 11437 |101828 |   2.1 |    77M |  29 |  21 |  11 |  49 |  76k|  1 | 223 |   0 | 5.011048e-01 | 5.010058e-01 |   0.02%|  99.28%
 10.0s| 48000 | 11427 |102038 |   2.1 |    77M |  29 |  21 |  11 |  59 |  76k|  2 | 223 |   0 | 5.011045e-01 | 5.010058e-01 |   0.02%|  99.28%
 10.0s| 48100 | 11407 |102231 |   2.1 |    77M |  29 |  21 |  11 |  67 |  76k|  2 | 225 |   0 | 5.011032e-01 | 5.010058e-01 |   0.02%|  99.28%
 10.0s| 48200 | 11397 |102419 |   2.1 |    77M |  29 |  21 |  11 |  51 |  76k|  2 | 225 |   0 | 5.011029e-01 | 5.010058e-01 |   0.02%|  99.29%
 time | node  | left  |LP iter|LP it/n|mem/heur|mdpt |vars |cons |rows |cuts |sepa|confs|strbr|  dualbound   | primalbound  |  gap   | compl. 
 10.0s| 48300 | 11379 |102620 |   2.1 |    77M |  29 |  21 |  11 |  50 |  77k|  2 | 226 |   0 | 5.011027e-01 | 5.010058e-01 |   0.02%|  99.29%
 11.0s| 48400 | 11355 |102794 |   2.1 |    77M |  29 |  21 |  11 |  57 |  77k|  2 | 226 |   0 | 5.011025e-01 | 5.010058e-01 |   0.02%|  99.30%
 11.0s| 48500 | 11329 |102980 |   2.1 |    77M |  29 |  21 |  11 |  47 |  77k|  1 | 226 |   0 | 5.011021e-01 | 5.010058e-01 |   0.02%|  99.30%
 11.0s| 48600 | 11311 |103161 |   2.1 |    77M |  29 |  21 |  11 |  48 |  77k|  1 | 226 |   0 | 5.011013e-01 | 5.010058e-01 |   0.02%|  99.31%
 11.0s| 48700 | 11299 |103345 |   2.1 |    77M |  29 |  21 |  11 |  57 |  77k|  2 | 226 |   0 | 5.011008e-01 | 5.010058e-01 |   0.02%|  99.31%
 11.0s| 48800 | 11287 |103532 |   2.1 |    77M |  29 |  21 |  11 |  49 |  77k|  0 | 227 |   0 | 5.010999e-01 | 5.010058e-01 |   0.02%|  99.31%
 11.0s| 48900 | 11277 |103737 |   2.1 |    77M |  29 |  21 |  11 |  58 |  78k|  1 | 228 |   0 | 5.010992e-01 | 5.010058e-01 |   0.02%|  99.32%
 11.0s| 49000 | 11257 |103927 |   2.1 |    77M |  29 |  21 |  11 |  48 |  78k|  2 | 229 |   0 | 5.010982e-01 | 5.010058e-01 |   0.02%|  99.32%
 11.0s| 49100 | 11231 |104137 |   2.1 |    77M |  29 |  21 |  11 |  51 |  78k|  1 | 229 |   0 | 5.010981e-01 | 5.010058e-01 |   0.02%|  99.33%
 11.0s| 49200 | 11193 |104338 |   2.1 |    77M |  29 |  21 |  11 |  50 |  78k|  1 | 229 |   0 | 5.010971e-01 | 5.010058e-01 |   0.02%|  99.33%
 11.0s| 49300 | 11193 |104562 |   2.1 |    77M |  29 |  21 |  11 |  57 |  78k|  2 | 229 |   0 | 5.010953e-01 | 5.010058e-01 |   0.02%|  99.33%
 11.0s| 49400 | 11185 |104767 |   2.1 |    77M |  29 |  21 |  11 |  54 |  78k|  2 | 229 |   0 | 5.010946e-01 | 5.010058e-01 |   0.02%|  99.34%
 11.0s| 49500 | 11169 |104966 |   2.1 |    77M |  29 |  21 |  11 |  54 |  78k|  1 | 229 |   0 | 5.010934e-01 | 5.010058e-01 |   0.02%|  99.34%
 11.0s| 49600 | 11163 |105166 |   2.1 |    77M |  29 |  21 |  11 |  47 |  79k|  1 | 230 |   0 | 5.010919e-01 | 5.010058e-01 |   0.02%|  99.34%
 11.0s| 49700 | 11153 |105367 |   2.1 |    77M |  29 |  21 |  11 |  52 |  79k|  2 | 231 |   0 | 5.010915e-01 | 5.010058e-01 |   0.02%|  99.35%
 time | node  | left  |LP iter|LP it/n|mem/heur|mdpt |vars |cons |rows |cuts |sepa|confs|strbr|  dualbound   | primalbound  |  gap   | compl. 
 11.0s| 49800 | 11135 |105545 |   2.1 |    77M |  29 |  21 |  11 |  51 |  79k|  1 | 231 |   0 | 5.010913e-01 | 5.010058e-01 |   0.02%|  99.35%
 11.0s| 49900 | 11131 |105754 |   2.1 |    77M |  29 |  21 |  11 |  49 |  79k|  1 | 231 |   0 | 5.010909e-01 | 5.010058e-01 |   0.02%|  99.35%
 11.0s| 50000 | 11103 |105944 |   2.1 |    77M |  29 |  21 |  11 |  61 |  79k|  1 | 231 |   0 | 5.010906e-01 | 5.010058e-01 |   0.02%|  99.35%
 11.0s| 50100 | 11083 |106124 |   2.1 |    77M |  29 |  21 |  11 |  57 |  79k|  1 | 231 |   0 | 5.010903e-01 | 5.010058e-01 |   0.02%|  99.36%
 11.0s| 50200 | 11061 |106312 |   2.1 |    77M |  29 |  21 |  11 |  47 |  80k|  2 | 231 |   0 | 5.010897e-01 | 5.010058e-01 |   0.02%|  99.36%
 11.0s| 50300 | 11043 |106514 |   2.1 |    77M |  29 |  21 |  11 |  70 |  80k|  2 | 231 |   0 | 5.010893e-01 | 5.010058e-01 |   0.02%|  99.36%
 11.0s| 50400 | 11021 |106719 |   2.1 |    77M |  29 |  21 |  11 |  63 |  80k|  1 | 231 |   0 | 5.010891e-01 | 5.010058e-01 |   0.02%|  99.36%
 11.0s| 50500 | 11009 |106912 |   2.1 |    77M |  29 |  21 |  11 |  51 |  80k|  1 | 231 |   0 | 5.010887e-01 | 5.010058e-01 |   0.02%|  99.37%
 11.0s| 50600 | 10995 |107112 |   2.1 |    77M |  29 |  21 |  11 |  56 |  80k|  2 | 231 |   0 | 5.010881e-01 | 5.010058e-01 |   0.02%|  99.37%
 11.0s| 50700 | 10987 |107293 |   2.1 |    77M |  29 |  21 |  11 |  56 |  80k|  1 | 233 |   0 | 5.010878e-01 | 5.010058e-01 |   0.02%|  99.37%
 11.0s| 50800 | 10977 |107486 |   2.1 |    77M |  29 |  21 |  11 |  52 |  80k|  1 | 233 |   0 | 5.010862e-01 | 5.010058e-01 |   0.02%|  99.38%
 11.0s| 50900 | 10963 |107691 |   2.1 |    77M |  29 |  21 |  11 |  51 |  81k|  1 | 234 |   0 | 5.010860e-01 | 5.010058e-01 |   0.02%|  99.38%
 11.0s| 51000 | 10943 |107891 |   2.1 |    77M |  29 |  21 |  11 |  62 |  81k|  3 | 234 |   0 | 5.010855e-01 | 5.010058e-01 |   0.02%|  99.38%
 11.0s| 51100 | 10939 |108084 |   2.1 |    77M |  29 |  21 |  11 |  49 |  81k|  1 | 234 |   0 | 5.010848e-01 | 5.010058e-01 |   0.02%|  99.38%
 11.0s| 51200 | 10921 |108267 |   2.1 |    77M |  29 |  21 |  11 |  61 |  81k|  1 | 234 |   0 | 5.010846e-01 | 5.010058e-01 |   0.02%|  99.39%
 time | node  | left  |LP iter|LP it/n|mem/heur|mdpt |vars |cons |rows |cuts |sepa|confs|strbr|  dualbound   | primalbound  |  gap   | compl. 
 11.0s| 51300 | 10893 |108458 |   2.1 |    77M |  29 |  21 |  11 |  54 |  81k|  1 | 234 |   0 | 5.010835e-01 | 5.010058e-01 |   0.02%|  99.39%
 11.0s| 51400 | 10879 |108654 |   2.1 |    77M |  29 |  21 |  11 |  56 |  81k|  1 | 234 |   0 | 5.010825e-01 | 5.010058e-01 |   0.02%|  99.40%
 11.0s| 51500 | 10865 |108854 |   2.1 |    77M |  29 |  21 |  11 |  55 |  82k|  1 | 235 |   0 | 5.010824e-01 | 5.010058e-01 |   0.02%|  99.40%
 11.0s| 51600 | 10847 |109045 |   2.1 |    77M |  29 |  21 |  11 |  69 |  82k|  1 | 235 |   0 | 5.010818e-01 | 5.010058e-01 |   0.02%|  99.40%
 11.0s| 51700 | 10845 |109246 |   2.1 |    77M |  29 |  21 |  11 |  60 |  82k|  2 | 235 |   0 | 5.010805e-01 | 5.010058e-01 |   0.01%|  99.40%
 11.0s| 51800 | 10849 |109457 |   2.1 |    77M |  29 |  21 |  11 |  53 |  82k|  2 | 235 |   0 | 5.010799e-01 | 5.010058e-01 |   0.01%|  99.41%
 11.0s| 51900 | 10837 |109633 |   2.1 |    77M |  29 |  21 |  11 |  49 |  82k|  2 | 236 |   0 | 5.010797e-01 | 5.010058e-01 |   0.01%|  99.41%
 11.0s| 52000 | 10829 |109835 |   2.1 |    77M |  29 |  21 |  11 |  54 |  82k|  2 | 236 |   0 | 5.010793e-01 | 5.010058e-01 |   0.01%|  99.41%
 11.0s| 52100 | 10821 |110019 |   2.1 |    77M |  29 |  21 |  11 |  58 |  83k|  2 | 238 |   0 | 5.010793e-01 | 5.010058e-01 |   0.01%|  99.41%
 11.0s| 52200 | 10819 |110225 |   2.1 |    77M |  29 |  21 |  11 |  60 |  83k|  2 | 239 |   0 | 5.010791e-01 | 5.010058e-01 |   0.01%|  99.42%
 11.0s| 52300 | 10797 |110410 |   2.1 |    77M |  29 |  21 |  11 |  56 |  83k|  2 | 239 |   0 | 5.010782e-01 | 5.010058e-01 |   0.01%|  99.42%
 11.0s| 52400 | 10803 |110610 |   2.1 |    77M |  29 |  21 |  11 |  48 |  83k|  2 | 239 |   0 | 5.010777e-01 | 5.010058e-01 |   0.01%|  99.42%
 11.0s| 52500 | 10779 |110805 |   2.1 |    77M |  29 |  21 |  11 |  55 |  83k|  2 | 239 |   0 | 5.010775e-01 | 5.010058e-01 |   0.01%|  99.42%
 11.0s| 52600 | 10785 |110995 |   2.1 |    77M |  29 |  21 |  11 |  48 |  83k|  1 | 240 |   0 | 5.010771e-01 | 5.010058e-01 |   0.01%|  99.43%
 11.0s| 52700 | 10763 |111174 |   2.1 |    77M |  29 |  21 |  11 |  59 |  83k|  2 | 241 |   0 | 5.010767e-01 | 5.010058e-01 |   0.01%|  99.43%
 time | node  | left  |LP iter|LP it/n|mem/heur|mdpt |vars |cons |rows |cuts |sepa|confs|strbr|  dualbound   | primalbound  |  gap   | compl. 
 11.0s| 52800 | 10759 |111379 |   2.1 |    77M |  29 |  21 |  11 |  56 |  84k|  1 | 241 |   0 | 5.010765e-01 | 5.010058e-01 |   0.01%|  99.43%
 11.0s| 52900 | 10753 |111563 |   2.1 |    77M |  29 |  21 |  11 |  52 |  84k|  1 | 243 |   0 | 5.010761e-01 | 5.010058e-01 |   0.01%|  99.44%
 11.0s| 53000 | 10739 |111746 |   2.1 |    77M |  29 |  21 |  11 |  51 |  84k|  2 | 244 |   0 | 5.010758e-01 | 5.010058e-01 |   0.01%|  99.44%
 11.0s| 53100 | 10705 |111924 |   2.1 |    77M |  29 |  21 |  11 |  61 |  84k|  2 | 244 |   0 | 5.010754e-01 | 5.010058e-01 |   0.01%|  99.44%
 11.0s| 53200 | 10687 |112120 |   2.1 |    77M |  29 |  21 |  11 |  58 |  84k|  1 | 244 |   0 | 5.010750e-01 | 5.010058e-01 |   0.01%|  99.44%
 11.0s| 53300 | 10689 |112309 |   2.1 |    77M |  29 |  21 |  11 |  55 |  84k|  1 | 246 |   0 | 5.010745e-01 | 5.010058e-01 |   0.01%|  99.44%
 11.0s| 53400 | 10675 |112501 |   2.1 |    77M |  29 |  21 |  11 |  61 |  85k|  1 | 246 |   0 | 5.010742e-01 | 5.010058e-01 |   0.01%|  99.44%
 11.0s| 53500 | 10657 |112706 |   2.1 |    77M |  29 |  21 |  11 |  47 |  85k|  1 | 246 |   0 | 5.010741e-01 | 5.010058e-01 |   0.01%|  99.45%
 11.0s| 53600 | 10655 |112911 |   2.1 |    77M |  29 |  21 |  11 |  62 |  85k|  2 | 246 |   0 | 5.010734e-01 | 5.010058e-01 |   0.01%|  99.45%
 12.0s| 53700 | 10641 |113100 |   2.1 |    77M |  29 |  21 |  11 |  56 |  85k|  1 | 246 |   0 | 5.010732e-01 | 5.010058e-01 |   0.01%|  99.45%
 12.0s| 53800 | 10635 |113285 |   2.1 |    77M |  31 |  21 |  11 |  49 |  85k|  1 | 247 |   0 | 5.010720e-01 | 5.010058e-01 |   0.01%|  99.46%
 12.0s| 53900 | 10615 |113475 |   2.1 |    77M |  31 |  21 |  11 |  52 |  85k|  1 | 248 |   0 | 5.010713e-01 | 5.010058e-01 |   0.01%|  99.46%
 12.0s| 54000 | 10589 |113664 |   2.1 |    77M |  31 |  21 |  11 |  65 |  85k|  1 | 249 |   0 | 5.010709e-01 | 5.010058e-01 |   0.01%|  99.46%
 12.0s| 54100 | 10553 |113838 |   2.1 |    77M |  31 |  21 |  11 |  58 |  86k|  1 | 249 |   0 | 5.010705e-01 | 5.010058e-01 |   0.01%|  99.47%
 12.0s| 54200 | 10533 |114026 |   2.1 |    77M |  31 |  21 |  11 |  56 |  86k|  1 | 250 |   0 | 5.010702e-01 | 5.010058e-01 |   0.01%|  99.47%
 time | node  | left  |LP iter|LP it/n|mem/heur|mdpt |vars |cons |rows |cuts |sepa|confs|strbr|  dualbound   | primalbound  |  gap   | compl. 
 12.0s| 54300 | 10519 |114224 |   2.1 |    77M |  31 |  21 |  11 |  59 |  86k|  2 | 252 |   0 | 5.010700e-01 | 5.010058e-01 |   0.01%|  99.47%
 12.0s| 54400 | 10491 |114416 |   2.1 |    77M |  31 |  21 |  11 |  59 |  86k|  2 | 252 |   0 | 5.010695e-01 | 5.010058e-01 |   0.01%|  99.48%
 12.0s| 54500 | 10469 |114600 |   2.1 |    77M |  31 |  21 |  11 |  55 |  86k|  1 | 252 |   0 | 5.010690e-01 | 5.010058e-01 |   0.01%|  99.48%
 12.0s| 54600 | 10441 |114806 |   2.1 |    77M |  31 |  21 |  11 |  57 |  86k|  2 | 252 |   0 | 5.010684e-01 | 5.010058e-01 |   0.01%|  99.48%
 12.0s| 54700 | 10405 |114986 |   2.1 |    77M |  31 |  21 |  11 |  67 |  87k|  1 | 253 |   0 | 5.010679e-01 | 5.010058e-01 |   0.01%|  99.49%
 12.0s| 54800 | 10389 |115198 |   2.1 |    77M |  31 |  21 |  11 |  56 |  87k|  1 | 253 |   0 | 5.010673e-01 | 5.010058e-01 |   0.01%|  99.49%
 12.0s| 54900 | 10365 |115389 |   2.1 |    77M |  31 |  21 |  11 |  60 |  87k|  1 | 256 |   0 | 5.010665e-01 | 5.010058e-01 |   0.01%|  99.50%
 12.0s| 55000 | 10341 |115590 |   2.1 |    77M |  31 |  21 |  11 |  59 |  87k|  2 | 257 |   0 | 5.010664e-01 | 5.010058e-01 |   0.01%|  99.50%
 12.0s| 55100 | 10327 |115788 |   2.1 |    77M |  31 |  21 |  11 |  54 |  87k|  2 | 257 |   0 | 5.010662e-01 | 5.010058e-01 |   0.01%|  99.50%
 12.0s| 55200 | 10321 |115989 |   2.1 |    77M |  31 |  21 |  11 |  58 |  87k|  1 | 257 |   0 | 5.010656e-01 | 5.010058e-01 |   0.01%|  99.50%
 12.0s| 55300 | 10303 |116181 |   2.1 |    77M |  31 |  21 |  11 |  67 |  87k|  1 | 257 |   0 | 5.010652e-01 | 5.010058e-01 |   0.01%|  99.51%
 12.0s| 55400 | 10289 |116352 |   2.1 |    77M |  31 |  21 |  11 |  55 |  88k|  1 | 257 |   0 | 5.010648e-01 | 5.010058e-01 |   0.01%|  99.51%
 12.0s| 55500 | 10271 |116536 |   2.1 |    77M |  31 |  21 |  11 |  52 |  88k|  1 | 257 |   0 | 5.010642e-01 | 5.010058e-01 |   0.01%|  99.51%
 12.0s| 55600 | 10245 |116722 |   2.1 |    77M |  31 |  21 |  11 |  69 |  88k|  1 | 257 |   0 | 5.010642e-01 | 5.010058e-01 |   0.01%|  99.51%
 12.0s| 55700 | 10231 |116909 |   2.1 |    77M |  31 |  21 |  11 |  51 |  88k|  2 | 257 |   0 | 5.010637e-01 | 5.010058e-01 |   0.01%|  99.52%
 time | node  | left  |LP iter|LP it/n|mem/heur|mdpt |vars |cons |rows |cuts |sepa|confs|strbr|  dualbound   | primalbound  |  gap   | compl. 
 12.0s| 55800 | 10189 |117096 |   2.1 |    77M |  31 |  21 |  11 |  41 |  88k|  1 | 257 |   0 | 5.010630e-01 | 5.010058e-01 |   0.01%|  99.52%
 12.0s| 55900 | 10173 |117288 |   2.1 |    77M |  31 |  21 |  11 |  60 |  88k|  1 | 258 |   0 | 5.010619e-01 | 5.010058e-01 |   0.01%|  99.53%
 12.0s| 56000 | 10145 |117461 |   2.1 |    77M |  31 |  21 |  11 |  52 |  89k|  1 | 258 |   0 | 5.010613e-01 | 5.010058e-01 |   0.01%|  99.53%
 12.0s| 56100 | 10119 |117641 |   2.1 |    77M |  31 |  21 |  11 |  49 |  89k|  1 | 258 |   0 | 5.010612e-01 | 5.010058e-01 |   0.01%|  99.53%
 12.0s| 56200 | 10101 |117833 |   2.1 |    77M |  31 |  21 |  11 |  56 |  89k|  2 | 258 |   0 | 5.010606e-01 | 5.010058e-01 |   0.01%|  99.54%
 12.0s| 56300 | 10073 |118004 |   2.1 |    77M |  31 |  21 |  11 |  63 |  89k|  2 | 258 |   0 | 5.010605e-01 | 5.010058e-01 |   0.01%|  99.54%
 12.0s| 56400 | 10043 |118185 |   2.1 |    77M |  31 |  21 |  11 |  52 |  89k|  1 | 258 |   0 | 5.010594e-01 | 5.010058e-01 |   0.01%|  99.55%
 12.0s| 56500 | 10015 |118386 |   2.1 |    77M |  31 |  21 |  11 |  54 |  89k|  1 | 258 |   0 | 5.010591e-01 | 5.010058e-01 |   0.01%|  99.55%
 12.0s| 56600 |  9997 |118568 |   2.1 |    77M |  31 |  21 |  11 |  57 |  89k|  1 | 258 |   0 | 5.010587e-01 | 5.010058e-01 |   0.01%|  99.55%
 12.0s| 56700 |  9969 |118767 |   2.1 |    77M |  31 |  21 |  11 |  55 |  90k|  2 | 258 |   0 | 5.010586e-01 | 5.010058e-01 |   0.01%|  99.56%
 12.0s| 56800 |  9935 |118957 |   2.1 |    77M |  31 |  21 |  11 |  54 |  90k|  1 | 259 |   0 | 5.010583e-01 | 5.010058e-01 |   0.01%|  99.56%
 12.0s| 56900 |  9901 |119136 |   2.1 |    77M |  31 |  21 |  11 |  46 |  90k|  1 | 259 |   0 | 5.010577e-01 | 5.010058e-01 |   0.01%|  99.57%
 12.0s| 57000 |  9855 |119296 |   2.1 |    77M |  31 |  21 |  11 |  53 |  90k|  1 | 259 |   0 | 5.010573e-01 | 5.010058e-01 |   0.01%|  99.57%
 12.0s| 57100 |  9821 |119474 |   2.1 |    77M |  31 |  21 |  11 |  56 |  90k|  1 | 259 |   0 | 5.010572e-01 | 5.010058e-01 |   0.01%|  99.57%
 12.0s| 57200 |  9805 |119659 |   2.1 |    77M |  31 |  21 |  11 |  64 |  90k|  1 | 259 |   0 | 5.010570e-01 | 5.010058e-01 |   0.01%|  99.57%
 time | node  | left  |LP iter|LP it/n|mem/heur|mdpt |vars |cons |rows |cuts |sepa|confs|strbr|  dualbound   | primalbound  |  gap   | compl. 
 12.0s| 57300 |  9791 |119865 |   2.1 |    77M |  31 |  21 |  11 |  51 |  91k|  1 | 259 |   0 | 5.010568e-01 | 5.010058e-01 |   0.01%|  99.58%
 12.0s| 57400 |  9789 |120068 |   2.1 |    77M |  31 |  21 |  11 |  65 |  91k|  1 | 259 |   0 | 5.010567e-01 | 5.010058e-01 |   0.01%|  99.58%
 12.0s| 57500 |  9763 |120241 |   2.1 |    77M |  31 |  21 |  11 |  59 |  91k|  1 | 260 |   0 | 5.010566e-01 | 5.010058e-01 |   0.01%|  99.58%
 12.0s| 57600 |  9769 |120429 |   2.1 |    77M |  31 |  21 |  11 |  48 |  91k|  1 | 261 |   0 | 5.010564e-01 | 5.010058e-01 |   0.01%|  99.58%
 12.0s| 57700 |  9737 |120611 |   2.1 |    77M |  31 |  21 |  11 |  61 |  91k|  2 | 262 |   0 | 5.010561e-01 | 5.010058e-01 |   0.01%|  99.58%
 12.0s| 57800 |  9701 |120786 |   2.1 |    77M |  31 |  21 |  11 |  61 |  91k|  1 | 262 |   0 | 5.010559e-01 | 5.010058e-01 |   0.01%|  99.58%
 12.0s| 57900 |  9677 |120985 |   2.1 |    77M |  31 |  21 |  11 |  61 |  92k|  2 | 262 |   0 | 5.010545e-01 | 5.010058e-01 |   0.01%|  99.59%
 12.0s| 58000 |  9641 |121173 |   2.1 |    77M |  31 |  21 |  11 |  60 |  92k|  2 | 262 |   0 | 5.010543e-01 | 5.010058e-01 |   0.01%|  99.59%
 12.0s| 58100 |  9625 |121357 |   2.1 |    77M |  31 |  21 |  11 |  57 |  92k|  1 | 262 |   0 | 5.010540e-01 | 5.010058e-01 |   0.01%|  99.59%
 12.0s| 58200 |  9607 |121557 |   2.1 |    77M |  31 |  21 |  11 |  52 |  92k|  1 | 262 |   0 | 5.010537e-01 | 5.010058e-01 |   0.01%|  99.59%
 12.0s| 58300 |  9585 |121754 |   2.1 |    77M |  31 |  21 |  11 |  50 |  92k|  1 | 262 |   0 | 5.010533e-01 | 5.010058e-01 |   0.01%|  99.59%
 12.0s| 58400 |  9551 |121935 |   2.1 |    77M |  31 |  21 |  11 |  61 |  92k|  2 | 262 |   0 | 5.010525e-01 | 5.010058e-01 |   0.01%|  99.60%
 12.0s| 58500 |  9523 |122132 |   2.1 |    77M |  31 |  21 |  11 |  63 |  92k|  1 | 262 |   0 | 5.010521e-01 | 5.010058e-01 |   0.01%|  99.60%
 12.0s| 58600 |  9509 |122315 |   2.1 |    77M |  31 |  21 |  11 |  55 |  93k|  1 | 262 |   0 | 5.010520e-01 | 5.010058e-01 |   0.01%|  99.60%
 12.0s| 58700 |  9461 |122501 |   2.1 |    77M |  31 |  21 |  11 |  49 |  93k|  2 | 262 |   0 | 5.010516e-01 | 5.010058e-01 |   0.01%|  99.61%
 time | node  | left  |LP iter|LP it/n|mem/heur|mdpt |vars |cons |rows |cuts |sepa|confs|strbr|  dualbound   | primalbound  |  gap   | compl. 
 13.0s| 58800 |  9429 |122678 |   2.1 |    77M |  31 |  21 |  11 |  62 |  93k|  1 | 262 |   0 | 5.010514e-01 | 5.010058e-01 |   0.01%|  99.61%
 13.0s| 58900 |  9387 |122862 |   2.1 |    77M |  31 |  21 |  11 |  60 |  93k|  2 | 263 |   0 | 5.010511e-01 | 5.010058e-01 |   0.01%|  99.61%
 13.0s| 59000 |  9369 |123080 |   2.1 |    77M |  31 |  21 |  11 |  50 |  93k|  2 | 263 |   0 | 5.010509e-01 | 5.010058e-01 |   0.01%|  99.61%
 13.0s| 59100 |  9325 |123246 |   2.1 |    77M |  31 |  21 |  11 |  60 |  93k|  2 | 263 |   0 | 5.010507e-01 | 5.010058e-01 |   0.01%|  99.61%
 13.0s| 59200 |  9293 |123418 |   2.1 |    77M |  31 |  21 |  11 |  52 |  93k|  1 | 264 |   0 | 5.010506e-01 | 5.010058e-01 |   0.01%|  99.62%
 13.0s| 59300 |  9281 |123609 |   2.1 |    77M |  31 |  21 |  11 |  61 |  94k|  2 | 265 |   0 | 5.010504e-01 | 5.010058e-01 |   0.01%|  99.62%
 13.0s| 59400 |  9243 |123795 |   2.1 |    77M |  31 |  21 |  11 |  44 |  94k|  2 | 265 |   0 | 5.010493e-01 | 5.010058e-01 |   0.01%|  99.62%
 13.0s| 59500 |  9215 |123985 |   2.1 |    77M |  31 |  21 |  11 |  61 |  94k|  3 | 265 |   0 | 5.010491e-01 | 5.010058e-01 |   0.01%|  99.63%
 13.0s| 59600 |  9193 |124175 |   2.1 |    77M |  31 |  21 |  11 |  55 |  94k|  1 | 265 |   0 | 5.010490e-01 | 5.010058e-01 |   0.01%|  99.63%
 13.0s| 59700 |  9151 |124342 |   2.1 |    77M |  31 |  21 |  11 |  50 |  94k|  1 | 265 |   0 | 5.010488e-01 | 5.010058e-01 |   0.01%|  99.63%
 13.0s| 59800 |  9133 |124531 |   2.1 |    77M |  31 |  21 |  11 |  60 |  94k|  1 | 265 |   0 | 5.010486e-01 | 5.010058e-01 |   0.01%|  99.64%
 13.0s| 59900 |  9131 |124715 |   2.1 |    77M |  31 |  21 |  11 |  50 |  95k|  2 | 266 |   0 | 5.010485e-01 | 5.010058e-01 |   0.01%|  99.64%
 13.0s| 60000 |  9095 |124911 |   2.1 |    77M |  31 |  21 |  11 |  52 |  95k|  1 | 267 |   0 | 5.010483e-01 | 5.010058e-01 |   0.01%|  99.64%
 13.0s| 60100 |  9053 |125101 |   2.1 |    77M |  31 |  21 |  11 |  52 |  95k|  1 | 267 |   0 | 5.010481e-01 | 5.010058e-01 |   0.01%|  99.64%
 13.0s| 60200 |  9033 |125286 |   2.1 |    77M |  31 |  21 |  11 |  60 |  95k|  1 | 267 |   0 | 5.010479e-01 | 5.010058e-01 |   0.01%|  99.65%
 time | node  | left  |LP iter|LP it/n|mem/heur|mdpt |vars |cons |rows |cuts |sepa|confs|strbr|  dualbound   | primalbound  |  gap   | compl. 
 13.0s| 60300 |  9013 |125466 |   2.1 |    77M |  31 |  21 |  11 |  58 |  95k|  2 | 267 |   0 | 5.010479e-01 | 5.010058e-01 |   0.01%|  99.65%
 13.0s| 60400 |  8991 |125670 |   2.1 |    77M |  31 |  21 |  11 |  58 |  95k|  1 | 267 |   0 | 5.010478e-01 | 5.010058e-01 |   0.01%|  99.65%
 13.0s| 60500 |  8957 |125854 |   2.1 |    77M |  31 |  21 |  11 |  62 |  96k|  2 | 267 |   0 | 5.010477e-01 | 5.010058e-01 |   0.01%|  99.66%
 13.0s| 60600 |  8933 |126049 |   2.1 |    77M |  31 |  21 |  11 |  51 |  96k|  1 | 267 |   0 | 5.010474e-01 | 5.010058e-01 |   0.01%|  99.66%
 13.0s| 60700 |  8905 |126234 |   2.1 |    77M |  31 |  21 |  11 |  48 |  96k|  1 | 267 |   0 | 5.010469e-01 | 5.010058e-01 |   0.01%|  99.66%
 13.0s| 60800 |  8883 |126409 |   2.1 |    77M |  31 |  21 |  11 |  53 |  96k|  1 | 267 |   0 | 5.010469e-01 | 5.010058e-01 |   0.01%|  99.66%
 13.0s| 60900 |  8865 |126589 |   2.1 |    77M |  31 |  21 |  11 |  71 |  96k|  2 | 268 |   0 | 5.010465e-01 | 5.010058e-01 |   0.01%|  99.67%
 13.0s| 61000 |  8827 |126767 |   2.1 |    77M |  31 |  21 |  11 |  59 |  96k|  1 | 268 |   0 | 5.010460e-01 | 5.010058e-01 |   0.01%|  99.67%
 13.0s| 61100 |  8805 |126977 |   2.1 |    77M |  31 |  21 |  11 |  67 |  96k|  2 | 268 |   0 | 5.010458e-01 | 5.010058e-01 |   0.01%|  99.67%
 13.0s| 61200 |  8787 |127160 |   2.1 |    77M |  31 |  21 |  11 |  59 |  97k|  2 | 269 |   0 | 5.010453e-01 | 5.010058e-01 |   0.01%|  99.67%
 13.0s| 61300 |  8757 |127322 |   2.1 |    77M |  31 |  21 |  11 |  51 |  97k|  1 | 270 |   0 | 5.010452e-01 | 5.010058e-01 |   0.01%|  99.67%
 13.0s| 61400 |  8725 |127516 |   2.1 |    77M |  31 |  21 |  11 |  65 |  97k|  1 | 270 |   0 | 5.010447e-01 | 5.010058e-01 |   0.01%|  99.68%
 13.0s| 61500 |  8693 |127706 |   2.1 |    77M |  31 |  21 |  11 |  58 |  97k|  1 | 270 |   0 | 5.010446e-01 | 5.010058e-01 |   0.01%|  99.68%
 13.0s| 61600 |  8673 |127896 |   2.1 |    77M |  31 |  21 |  11 |  67 |  97k|  2 | 272 |   0 | 5.010444e-01 | 5.010058e-01 |   0.01%|  99.68%
 13.0s| 61700 |  8631 |128064 |   2.1 |    77M |  31 |  21 |  11 |  57 |  97k|  1 | 272 |   0 | 5.010437e-01 | 5.010058e-01 |   0.01%|  99.68%
 time | node  | left  |LP iter|LP it/n|mem/heur|mdpt |vars |cons |rows |cuts |sepa|confs|strbr|  dualbound   | primalbound  |  gap   | compl. 
 13.0s| 61800 |  8613 |128255 |   2.1 |    77M |  31 |  21 |  11 |  49 |  97k|  1 | 272 |   0 | 5.010432e-01 | 5.010058e-01 |   0.01%|  99.69%
 13.0s| 61900 |  8579 |128422 |   2.1 |    77M |  31 |  21 |  11 |  54 |  98k|  1 | 273 |   0 | 5.010430e-01 | 5.010058e-01 |   0.01%|  99.69%
 13.0s| 62000 |  8551 |128594 |   2.1 |    77M |  31 |  21 |  11 |  58 |  98k|  2 | 273 |   0 | 5.010427e-01 | 5.010058e-01 |   0.01%|  99.69%
 13.0s| 62100 |  8515 |128777 |   2.1 |    77M |  31 |  21 |  11 |  62 |  98k|  1 | 274 |   0 | 5.010423e-01 | 5.010058e-01 |   0.01%|  99.69%
 13.0s| 62200 |  8483 |128954 |   2.1 |    77M |  31 |  21 |  11 |  57 |  98k|  1 | 275 |   0 | 5.010421e-01 | 5.010058e-01 |   0.01%|  99.70%
 13.0s| 62300 |  8453 |129138 |   2.1 |    77M |  31 |  21 |  11 |  61 |  98k|  1 | 275 |   0 | 5.010418e-01 | 5.010058e-01 |   0.01%|  99.70%
 13.0s| 62400 |  8413 |129333 |   2.1 |    77M |  31 |  21 |  11 |  49 |  98k|  1 | 275 |   0 | 5.010412e-01 | 5.010058e-01 |   0.01%|  99.70%
 13.0s| 62500 |  8361 |129507 |   2.1 |    77M |  31 |  21 |  11 |  69 |  98k|  2 | 276 |   0 | 5.010406e-01 | 5.010058e-01 |   0.01%|  99.71%
 13.0s| 62600 |  8329 |129683 |   2.1 |    77M |  31 |  21 |  11 |  55 |  99k|  1 | 276 |   0 | 5.010404e-01 | 5.010058e-01 |   0.01%|  99.71%
 13.0s| 62700 |  8289 |129857 |   2.1 |    77M |  31 |  21 |  11 |  60 |  99k|  1 | 276 |   0 | 5.010400e-01 | 5.010058e-01 |   0.01%|  99.71%
 13.0s| 62800 |  8267 |130056 |   2.1 |    77M |  31 |  21 |  11 |  49 |  99k|  1 | 276 |   0 | 5.010398e-01 | 5.010058e-01 |   0.01%|  99.71%
 13.0s| 62900 |  8227 |130229 |   2.1 |    77M |  31 |  21 |  11 |  61 |  99k|  1 | 276 |   0 | 5.010396e-01 | 5.010058e-01 |   0.01%|  99.71%
 13.0s| 63000 |  8195 |130400 |   2.1 |    77M |  31 |  21 |  11 |  64 |  99k|  1 | 277 |   0 | 5.010391e-01 | 5.010058e-01 |   0.01%|  99.72%
 13.0s| 63100 |  8149 |130578 |   2.1 |    77M |  31 |  21 |  11 |  68 |  99k|  1 | 279 |   0 | 5.010387e-01 | 5.010058e-01 |   0.01%|  99.72%
 13.0s| 63200 |  8125 |130752 |   2.1 |    77M |  31 |  21 |  11 |  52 | 100k|  1 | 280 |   0 | 5.010386e-01 | 5.010058e-01 |   0.01%|  99.72%
 time | node  | left  |LP iter|LP it/n|mem/heur|mdpt |vars |cons |rows |cuts |sepa|confs|strbr|  dualbound   | primalbound  |  gap   | compl. 
 13.0s| 63300 |  8095 |130927 |   2.1 |    77M |  31 |  21 |  11 |  61 | 100k|  1 | 281 |   0 | 5.010385e-01 | 5.010058e-01 |   0.01%|  99.73%
 14.0s| 63400 |  8055 |131119 |   2.1 |    77M |  31 |  21 |  11 |  54 | 100k|  1 | 281 |   0 | 5.010381e-01 | 5.010058e-01 |   0.01%|  99.73%
 14.0s| 63500 |  7997 |131289 |   2.1 |    77M |  31 |  21 |  11 |  52 | 100k|  1 | 281 |   0 | 5.010378e-01 | 5.010058e-01 |   0.01%|  99.73%
 14.0s| 63600 |  7969 |131463 |   2.1 |    77M |  31 |  21 |  11 |  67 | 100k|  2 | 282 |   0 | 5.010375e-01 | 5.010058e-01 |   0.01%|  99.73%
 14.0s| 63700 |  7935 |131641 |   2.1 |    77M |  31 |  21 |  11 |  66 | 100k|  1 | 283 |   0 | 5.010373e-01 | 5.010058e-01 |   0.01%|  99.74%
 14.0s| 63800 |  7895 |131826 |   2.1 |    77M |  31 |  21 |  11 |  54 | 100k|  1 | 283 |   0 | 5.010366e-01 | 5.010058e-01 |   0.01%|  99.74%
 14.0s| 63900 |  7849 |132013 |   2.1 |    77M |  31 |  21 |  11 |  57 | 101k|  1 | 283 |   0 | 5.010365e-01 | 5.010058e-01 |   0.01%|  99.74%
 14.0s| 64000 |  7821 |132193 |   2.1 |    77M |  31 |  21 |  11 |  60 | 101k|  1 | 283 |   0 | 5.010363e-01 | 5.010058e-01 |   0.01%|  99.74%
 14.0s| 64100 |  7781 |132373 |   2.1 |    77M |  31 |  21 |  11 |  61 | 101k|  1 | 283 |   0 | 5.010358e-01 | 5.010058e-01 |   0.01%|  99.75%
 14.0s| 64200 |  7733 |132566 |   2.1 |    77M |  31 |  21 |  11 |  58 | 101k|  1 | 284 |   0 | 5.010353e-01 | 5.010058e-01 |   0.01%|  99.75%
 14.0s| 64300 |  7703 |132747 |   2.1 |    77M |  31 |  21 |  11 |  56 | 101k|  2 | 285 |   0 | 5.010352e-01 | 5.010058e-01 |   0.01%|  99.75%
 14.0s| 64400 |  7669 |132947 |   2.1 |    77M |  31 |  21 |  11 |  57 | 101k|  2 | 286 |   0 | 5.010350e-01 | 5.010058e-01 |   0.01%|  99.75%
 14.0s| 64500 |  7641 |133119 |   2.1 |    77M |  31 |  21 |  11 |  59 | 102k|  2 | 287 |   0 | 5.010349e-01 | 5.010058e-01 |   0.01%|  99.75%
 14.0s| 64600 |  7595 |133290 |   2.1 |    77M |  31 |  21 |  11 |  53 | 102k|  0 | 288 |   0 | 5.010348e-01 | 5.010058e-01 |   0.01%|  99.76%
 14.0s| 64700 |  7549 |133461 |   2.1 |    77M |  31 |  21 |  11 |  58 | 102k|  1 | 288 |   0 | 5.010347e-01 | 5.010058e-01 |   0.01%|  99.76%
 time | node  | left  |LP iter|LP it/n|mem/heur|mdpt |vars |cons |rows |cuts |sepa|confs|strbr|  dualbound   | primalbound  |  gap   | compl. 
 14.0s| 64800 |  7505 |133637 |   2.1 |    77M |  31 |  21 |  11 |  58 | 102k|  2 | 288 |   0 | 5.010346e-01 | 5.010058e-01 |   0.01%|  99.76%
 14.0s| 64900 |  7447 |133803 |   2.1 |    77M |  31 |  21 |  11 |  66 | 102k|  2 | 289 |   0 | 5.010342e-01 | 5.010058e-01 |   0.01%|  99.76%
 14.0s| 65000 |  7429 |133982 |   2.1 |    77M |  31 |  21 |  11 |  54 | 102k|  1 | 290 |   0 | 5.010339e-01 | 5.010058e-01 |   0.01%|  99.76%
 14.0s| 65100 |  7391 |134156 |   2.1 |    77M |  31 |  21 |  11 |  59 | 102k|  2 | 290 |   0 | 5.010338e-01 | 5.010058e-01 |   0.01%|  99.77%
 14.0s| 65200 |  7363 |134350 |   2.1 |    77M |  31 |  21 |  11 |  51 | 103k|  1 | 291 |   0 | 5.010333e-01 | 5.010058e-01 |   0.01%|  99.77%
 14.0s| 65300 |  7319 |134517 |   2.1 |    77M |  31 |  21 |  11 |  57 | 103k|  1 | 291 |   0 | 5.010330e-01 | 5.010058e-01 |   0.01%|  99.77%
 14.0s| 65400 |  7281 |134699 |   2.1 |    77M |  31 |  21 |  11 |  69 | 103k|  1 | 291 |   0 | 5.010325e-01 | 5.010058e-01 |   0.01%|  99.77%
 14.0s| 65500 |  7241 |134859 |   2.1 |    77M |  31 |  21 |  11 |  57 | 103k|  2 | 292 |   0 | 5.010323e-01 | 5.010058e-01 |   0.01%|  99.78%
 14.0s| 65600 |  7219 |135050 |   2.1 |    77M |  31 |  21 |  11 |  59 | 103k|  2 | 292 |   0 | 5.010323e-01 | 5.010058e-01 |   0.01%|  99.78%
 14.0s| 65700 |  7173 |135225 |   2.1 |    77M |  31 |  21 |  11 |  53 | 103k|  1 | 292 |   0 | 5.010323e-01 | 5.010058e-01 |   0.01%|  99.78%
 14.0s| 65800 |  7149 |135419 |   2.1 |    77M |  31 |  21 |  11 |  64 | 104k|  1 | 293 |   0 | 5.010320e-01 | 5.010058e-01 |   0.01%|  99.78%
 14.0s| 65900 |  7115 |135603 |   2.1 |    77M |  31 |  21 |  11 |  69 | 104k|  0 | 293 |   0 | 5.010318e-01 | 5.010058e-01 |   0.01%|  99.78%
 14.0s| 66000 |  7069 |135780 |   2.1 |    77M |  31 |  21 |  11 |  55 | 104k|  2 | 293 |   0 | 5.010317e-01 | 5.010058e-01 |   0.01%|  99.79%
 14.0s| 66100 |  7029 |135970 |   2.1 |    77M |  31 |  21 |  11 |  58 | 104k|  1 | 293 |   0 | 5.010312e-01 | 5.010058e-01 |   0.01%|  99.79%
 14.0s| 66200 |  6999 |136138 |   2.1 |    77M |  31 |  21 |  11 |  53 | 104k|  1 | 293 |   0 | 5.010311e-01 | 5.010058e-01 |   0.01%|  99.79%
 time | node  | left  |LP iter|LP it/n|mem/heur|mdpt |vars |cons |rows |cuts |sepa|confs|strbr|  dualbound   | primalbound  |  gap   | compl. 
 14.0s| 66300 |  6955 |136317 |   2.1 |    77M |  31 |  21 |  11 |  57 | 104k|  2 | 294 |   0 | 5.010311e-01 | 5.010058e-01 |   0.01%|  99.79%
 14.0s| 66400 |  6923 |136493 |   2.1 |    77M |  31 |  21 |  11 |  67 | 104k|  1 | 296 |   0 | 5.010310e-01 | 5.010058e-01 |   0.01%|  99.79%
 14.0s| 66500 |  6913 |136688 |   2.1 |    77M |  31 |  21 |  11 |  59 | 105k|  2 | 296 |   0 | 5.010303e-01 | 5.010058e-01 |   0.00%|  99.79%
 14.0s| 66600 |  6875 |136838 |   2.1 |    77M |  31 |  21 |  11 |  59 | 105k|  1 | 297 |   0 | 5.010301e-01 | 5.010058e-01 |   0.00%|  99.79%
 14.0s| 66700 |  6847 |137009 |   2.1 |    77M |  31 |  21 |  11 |  68 | 105k|  1 | 298 |   0 | 5.010298e-01 | 5.010058e-01 |   0.00%|  99.80%
 14.0s| 66800 |  6805 |137197 |   2.1 |    77M |  31 |  21 |  11 |  62 | 105k|  2 | 298 |   0 | 5.010296e-01 | 5.010058e-01 |   0.00%|  99.80%
 14.0s| 66900 |  6769 |137371 |   2.1 |    77M |  31 |  21 |  11 |  60 | 105k|  1 | 298 |   0 | 5.010294e-01 | 5.010058e-01 |   0.00%|  99.80%
 14.0s| 67000 |  6737 |137560 |   2.1 |    77M |  31 |  21 |  11 |  60 | 105k|  1 | 299 |   0 | 5.010292e-01 | 5.010058e-01 |   0.00%|  99.80%
 14.0s| 67100 |  6711 |137740 |   2.1 |    77M |  31 |  21 |  11 |  57 | 105k|  2 | 299 |   0 | 5.010291e-01 | 5.010058e-01 |   0.00%|  99.80%
 14.0s| 67200 |  6669 |137910 |   2.1 |    77M |  31 |  21 |  11 |  59 | 106k|  2 | 300 |   0 | 5.010287e-01 | 5.010058e-01 |   0.00%|  99.80%
 14.0s| 67300 |  6637 |138087 |   2.1 |    77M |  31 |  21 |  11 |  70 | 106k|  1 | 301 |   0 | 5.010284e-01 | 5.010058e-01 |   0.00%|  99.81%
 14.0s| 67400 |  6611 |138270 |   2.1 |    77M |  31 |  21 |  11 |  54 | 106k|  1 | 301 |   0 | 5.010280e-01 | 5.010058e-01 |   0.00%|  99.81%
 14.0s| 67500 |  6569 |138446 |   2.1 |    77M |  31 |  21 |  11 |  65 | 106k|  2 | 304 |   0 | 5.010279e-01 | 5.010058e-01 |   0.00%|  99.81%
 14.0s| 67600 |  6531 |138594 |   2.0 |    77M |  31 |  21 |  11 |  65 | 106k|  1 | 304 |   0 | 5.010279e-01 | 5.010058e-01 |   0.00%|  99.81%
 14.0s| 67700 |  6497 |138767 |   2.0 |    77M |  31 |  21 |  11 |  62 | 106k|  1 | 304 |   0 | 5.010276e-01 | 5.010058e-01 |   0.00%|  99.82%
 time | node  | left  |LP iter|LP it/n|mem/heur|mdpt |vars |cons |rows |cuts |sepa|confs|strbr|  dualbound   | primalbound  |  gap   | compl. 
 14.0s| 67800 |  6461 |138933 |   2.0 |    77M |  31 |  21 |  11 |  61 | 107k|  2 | 304 |   0 | 5.010275e-01 | 5.010058e-01 |   0.00%|  99.82%
 14.0s| 67900 |  6421 |139113 |   2.0 |    77M |  31 |  21 |  11 |  61 | 107k|  1 | 304 |   0 | 5.010272e-01 | 5.010058e-01 |   0.00%|  99.82%
 14.0s| 68000 |  6397 |139292 |   2.0 |    77M |  31 |  21 |  11 |  53 | 107k|  1 | 305 |   0 | 5.010271e-01 | 5.010058e-01 |   0.00%|  99.82%
 15.0s| 68100 |  6369 |139475 |   2.0 |    77M |  31 |  21 |  11 |  49 | 107k|  1 | 305 |   0 | 5.010268e-01 | 5.010058e-01 |   0.00%|  99.82%
 15.0s| 68200 |  6327 |139649 |   2.0 |    77M |  31 |  21 |  11 |  59 | 107k|  2 | 305 |   0 | 5.010264e-01 | 5.010058e-01 |   0.00%|  99.82%
 15.0s| 68300 |  6283 |139839 |   2.0 |    77M |  31 |  21 |  11 |  56 | 107k|  1 | 305 |   0 | 5.010262e-01 | 5.010058e-01 |   0.00%|  99.83%
 15.0s| 68400 |  6239 |139999 |   2.0 |    77M |  31 |  21 |  11 |  48 | 107k|  1 | 305 |   0 | 5.010260e-01 | 5.010058e-01 |   0.00%|  99.83%
 15.0s| 68500 |  6193 |140182 |   2.0 |    77M |  31 |  21 |  11 |  54 | 108k|  1 | 305 |   0 | 5.010259e-01 | 5.010058e-01 |   0.00%|  99.83%
 15.0s| 68600 |  6155 |140360 |   2.0 |    77M |  31 |  21 |  11 |  57 | 108k|  2 | 306 |   0 | 5.010257e-01 | 5.010058e-01 |   0.00%|  99.83%
 15.0s| 68700 |  6123 |140563 |   2.0 |    77M |  31 |  21 |  11 |  55 | 108k|  2 | 306 |   0 | 5.010256e-01 | 5.010058e-01 |   0.00%|  99.83%
 15.0s| 68800 |  6067 |140720 |   2.0 |    77M |  31 |  21 |  11 |  53 | 108k|  1 | 307 |   0 | 5.010255e-01 | 5.010058e-01 |   0.00%|  99.83%
 15.0s| 68900 |  6033 |140901 |   2.0 |    77M |  31 |  21 |  11 |  57 | 108k|  1 | 307 |   0 | 5.010251e-01 | 5.010058e-01 |   0.00%|  99.83%
 15.0s| 69000 |  5997 |141087 |   2.0 |    77M |  31 |  21 |  11 |  49 | 108k|  1 | 307 |   0 | 5.010251e-01 | 5.010058e-01 |   0.00%|  99.84%
 15.0s| 69100 |  5957 |141275 |   2.0 |    77M |  31 |  21 |  11 |  58 | 108k|  1 | 307 |   0 | 5.010250e-01 | 5.010058e-01 |   0.00%|  99.84%
 15.0s| 69200 |  5923 |141456 |   2.0 |    77M |  31 |  21 |  11 |  59 | 109k|  2 | 307 |   0 | 5.010246e-01 | 5.010058e-01 |   0.00%|  99.84%
 time | node  | left  |LP iter|LP it/n|mem/heur|mdpt |vars |cons |rows |cuts |sepa|confs|strbr|  dualbound   | primalbound  |  gap   | compl. 
 15.0s| 69300 |  5881 |141632 |   2.0 |    77M |  31 |  21 |  11 |  67 | 109k|  1 | 308 |   0 | 5.010245e-01 | 5.010058e-01 |   0.00%|  99.84%
 15.0s| 69400 |  5841 |141805 |   2.0 |    77M |  31 |  21 |  11 |  63 | 109k|  1 | 308 |   0 | 5.010244e-01 | 5.010058e-01 |   0.00%|  99.84%
 15.0s| 69500 |  5807 |141974 |   2.0 |    77M |  31 |  21 |  11 |  61 | 109k|  1 | 308 |   0 | 5.010242e-01 | 5.010058e-01 |   0.00%|  99.85%
 15.0s| 69600 |  5751 |142134 |   2.0 |    77M |  31 |  21 |  11 |  58 | 109k|  0 | 308 |   0 | 5.010241e-01 | 5.010058e-01 |   0.00%|  99.85%
 15.0s| 69700 |  5723 |142342 |   2.0 |    77M |  31 |  21 |  11 |  63 | 109k|  2 | 308 |   0 | 5.010241e-01 | 5.010058e-01 |   0.00%|  99.85%
 15.0s| 69800 |  5681 |142529 |   2.0 |    77M |  31 |  21 |  11 |  61 | 110k|  1 | 309 |   0 | 5.010241e-01 | 5.010058e-01 |   0.00%|  99.86%
 15.0s| 69900 |  5637 |142722 |   2.0 |    77M |  31 |  21 |  11 |  45 | 110k|  1 | 309 |   0 | 5.010239e-01 | 5.010058e-01 |   0.00%|  99.86%
 15.0s| 70000 |  5597 |142920 |   2.0 |    77M |  31 |  21 |  11 |  49 | 110k|  1 | 309 |   0 | 5.010237e-01 | 5.010058e-01 |   0.00%|  99.86%
 15.0s| 70100 |  5563 |143102 |   2.0 |    77M |  31 |  21 |  11 |  57 | 110k|  1 | 309 |   0 | 5.010235e-01 | 5.010058e-01 |   0.00%|  99.86%
 15.0s| 70200 |  5507 |143274 |   2.0 |    77M |  31 |  21 |  11 |  59 | 110k|  1 | 310 |   0 | 5.010233e-01 | 5.010058e-01 |   0.00%|  99.86%
 15.0s| 70300 |  5461 |143466 |   2.0 |    77M |  31 |  21 |  11 |  52 | 110k|  1 | 310 |   0 | 5.010229e-01 | 5.010058e-01 |   0.00%|  99.87%
 15.0s| 70400 |  5427 |143633 |   2.0 |    77M |  31 |  21 |  11 |  59 | 110k|  1 | 310 |   0 | 5.010228e-01 | 5.010058e-01 |   0.00%|  99.87%
 15.0s| 70500 |  5385 |143818 |   2.0 |    77M |  31 |  21 |  11 |  56 | 111k|  1 | 310 |   0 | 5.010226e-01 | 5.010058e-01 |   0.00%|  99.87%
 15.0s| 70600 |  5345 |143995 |   2.0 |    77M |  31 |  21 |  11 |  65 | 111k|  1 | 311 |   0 | 5.010224e-01 | 5.010058e-01 |   0.00%|  99.87%
 15.0s| 70700 |  5285 |144165 |   2.0 |    77M |  31 |  21 |  11 |  51 | 111k|  1 | 311 |   0 | 5.010222e-01 | 5.010058e-01 |   0.00%|  99.87%
 time | node  | left  |LP iter|LP it/n|mem/heur|mdpt |vars |cons |rows |cuts |sepa|confs|strbr|  dualbound   | primalbound  |  gap   | compl. 
 15.0s| 70800 |  5245 |144355 |   2.0 |    77M |  31 |  21 |  11 |  52 | 111k|  1 | 311 |   0 | 5.010220e-01 | 5.010058e-01 |   0.00%|  99.87%
 15.0s| 70900 |  5203 |144539 |   2.0 |    77M |  31 |  21 |  11 |  69 | 111k|  2 | 312 |   0 | 5.010218e-01 | 5.010058e-01 |   0.00%|  99.88%
 15.0s| 71000 |  5153 |144731 |   2.0 |    77M |  31 |  21 |  11 |  58 | 111k|  1 | 312 |   0 | 5.010216e-01 | 5.010058e-01 |   0.00%|  99.88%
 15.0s| 71100 |  5115 |144930 |   2.0 |    77M |  31 |  21 |  11 |  51 | 112k|  2 | 312 |   0 | 5.010214e-01 | 5.010058e-01 |   0.00%|  99.88%
 15.0s| 71200 |  5083 |145106 |   2.0 |    77M |  31 |  21 |  11 |  51 | 112k|  1 | 312 |   0 | 5.010211e-01 | 5.010058e-01 |   0.00%|  99.88%
 15.0s| 71300 |  5041 |145285 |   2.0 |    77M |  31 |  21 |  11 |  61 | 112k|  1 | 312 |   0 | 5.010211e-01 | 5.010058e-01 |   0.00%|  99.88%
 15.0s| 71400 |  5019 |145484 |   2.0 |    77M |  31 |  21 |  11 |  55 | 112k|  1 | 312 |   0 | 5.010208e-01 | 5.010058e-01 |   0.00%|  99.88%
 15.0s| 71500 |  4979 |145671 |   2.0 |    77M |  31 |  21 |  11 |  54 | 112k|  1 | 313 |   0 | 5.010205e-01 | 5.010058e-01 |   0.00%|  99.89%
 15.0s| 71600 |  4931 |145854 |   2.0 |    77M |  31 |  21 |  11 |  63 | 112k|  2 | 314 |   0 | 5.010202e-01 | 5.010058e-01 |   0.00%|  99.89%
 15.0s| 71700 |  4881 |146036 |   2.0 |    77M |  31 |  21 |  11 |  62 | 112k|  1 | 314 |   0 | 5.010199e-01 | 5.010058e-01 |   0.00%|  99.89%
 15.0s| 71800 |  4837 |146250 |   2.0 |    77M |  34 |  21 |  11 |  62 | 113k|  1 | 314 |   0 | 5.010198e-01 | 5.010058e-01 |   0.00%|  99.89%
 15.0s| 71900 |  4799 |146440 |   2.0 |    77M |  34 |  21 |  11 |  61 | 113k|  2 | 314 |   0 | 5.010196e-01 | 5.010058e-01 |   0.00%|  99.89%
 15.0s| 72000 |  4769 |146620 |   2.0 |    77M |  34 |  21 |  11 |  57 | 113k|  2 | 314 |   0 | 5.010196e-01 | 5.010058e-01 |   0.00%|  99.89%
 15.0s| 72100 |  4721 |146803 |   2.0 |    77M |  34 |  21 |  11 |  66 | 113k|  1 | 314 |   0 | 5.010195e-01 | 5.010058e-01 |   0.00%|  99.89%
 15.0s| 72200 |  4673 |146982 |   2.0 |    77M |  34 |  21 |  11 |  59 | 113k|  3 | 314 |   0 | 5.010194e-01 | 5.010058e-01 |   0.00%|  99.90%
 time | node  | left  |LP iter|LP it/n|mem/heur|mdpt |vars |cons |rows |cuts |sepa|confs|strbr|  dualbound   | primalbound  |  gap   | compl. 
 15.0s| 72300 |  4635 |147171 |   2.0 |    77M |  34 |  21 |  11 |  50 | 113k|  1 | 314 |   0 | 5.010194e-01 | 5.010058e-01 |   0.00%|  99.90%
 15.0s| 72400 |  4613 |147360 |   2.0 |    77M |  34 |  21 |  11 |  62 | 114k|  1 | 314 |   0 | 5.010192e-01 | 5.010058e-01 |   0.00%|  99.90%
 15.0s| 72500 |  4573 |147525 |   2.0 |    77M |  34 |  21 |  11 |  69 | 114k|  1 | 314 |   0 | 5.010192e-01 | 5.010058e-01 |   0.00%|  99.90%
 15.0s| 72600 |  4541 |147713 |   2.0 |    77M |  34 |  21 |  11 |  57 | 114k|  1 | 314 |   0 | 5.010190e-01 | 5.010058e-01 |   0.00%|  99.90%
 15.0s| 72700 |  4499 |147908 |   2.0 |    77M |  34 |  21 |  11 |  63 | 114k|  1 | 314 |   0 | 5.010190e-01 | 5.010058e-01 |   0.00%|  99.90%
 15.0s| 72800 |  4461 |148091 |   2.0 |    77M |  34 |  21 |  11 |  57 | 114k|  1 | 314 |   0 | 5.010189e-01 | 5.010058e-01 |   0.00%|  99.90%
 16.0s| 72900 |  4405 |148257 |   2.0 |    77M |  34 |  21 |  11 |  56 | 114k|  2 | 314 |   0 | 5.010189e-01 | 5.010058e-01 |   0.00%|  99.91%
 16.0s| 73000 |  4343 |148432 |   2.0 |    77M |  34 |  21 |  11 |  60 | 115k|  1 | 315 |   0 | 5.010187e-01 | 5.010058e-01 |   0.00%|  99.91%
 16.0s| 73100 |  4323 |148616 |   2.0 |    77M |  34 |  21 |  11 |  72 | 115k|  1 | 316 |   0 | 5.010187e-01 | 5.010058e-01 |   0.00%|  99.91%
 16.0s| 73200 |  4283 |148797 |   2.0 |    77M |  34 |  21 |  11 |  60 | 115k|  2 | 316 |   0 | 5.010184e-01 | 5.010058e-01 |   0.00%|  99.91%
 16.0s| 73300 |  4221 |148955 |   2.0 |    77M |  34 |  21 |  11 |  59 | 115k|  2 | 316 |   0 | 5.010182e-01 | 5.010058e-01 |   0.00%|  99.92%
 16.0s| 73400 |  4165 |149139 |   2.0 |    77M |  34 |  21 |  11 |  68 | 115k|  1 | 316 |   0 | 5.010181e-01 | 5.010058e-01 |   0.00%|  99.92%
 16.0s| 73500 |  4123 |149336 |   2.0 |    77M |  34 |  21 |  11 |  44 | 115k|  1 | 316 |   0 | 5.010179e-01 | 5.010058e-01 |   0.00%|  99.92%
 16.0s| 73600 |  4067 |149516 |   2.0 |    77M |  34 |  21 |  11 |  53 | 115k|  1 | 316 |   0 | 5.010178e-01 | 5.010058e-01 |   0.00%|  99.92%
 16.0s| 73700 |  4015 |149702 |   2.0 |    77M |  34 |  21 |  11 |  65 | 116k|  1 | 316 |   0 | 5.010178e-01 | 5.010058e-01 |   0.00%|  99.92%
 time | node  | left  |LP iter|LP it/n|mem/heur|mdpt |vars |cons |rows |cuts |sepa|confs|strbr|  dualbound   | primalbound  |  gap   | compl. 
 16.0s| 73800 |  3965 |149883 |   2.0 |    77M |  34 |  21 |  11 |  43 | 116k|  1 | 316 |   0 | 5.010177e-01 | 5.010058e-01 |   0.00%|  99.92%
 16.0s| 73900 |  3903 |150066 |   2.0 |    77M |  34 |  21 |  11 |  47 | 116k|  1 | 316 |   0 | 5.010174e-01 | 5.010058e-01 |   0.00%|  99.92%
 16.0s| 74000 |  3855 |150234 |   2.0 |    77M |  34 |  21 |  11 |  60 | 116k|  2 | 316 |   0 | 5.010172e-01 | 5.010058e-01 |   0.00%|  99.93%
 16.0s| 74100 |  3817 |150429 |   2.0 |    77M |  34 |  21 |  11 |  61 | 116k|  1 | 316 |   0 | 5.010171e-01 | 5.010058e-01 |   0.00%|  99.93%
 16.0s| 74200 |  3765 |150599 |   2.0 |    77M |  34 |  21 |  11 |  56 | 116k|  1 | 316 |   0 | 5.010169e-01 | 5.010058e-01 |   0.00%|  99.93%
 16.0s| 74300 |  3723 |150798 |   2.0 |    77M |  34 |  21 |  11 |  56 | 116k|  1 | 316 |   0 | 5.010167e-01 | 5.010058e-01 |   0.00%|  99.93%
 16.0s| 74400 |  3673 |150974 |   2.0 |    77M |  34 |  21 |  11 |  64 | 117k|  1 | 316 |   0 | 5.010167e-01 | 5.010058e-01 |   0.00%|  99.93%
 16.0s| 74500 |  3627 |151139 |   2.0 |    77M |  34 |  21 |  11 |  62 | 117k|  2 | 316 |   0 | 5.010164e-01 | 5.010058e-01 |   0.00%|  99.93%
 16.0s| 74600 |  3587 |151341 |   2.0 |    77M |  34 |  21 |  11 |  60 | 117k|  1 | 316 |   0 | 5.010164e-01 | 5.010058e-01 |   0.00%|  99.93%
 16.0s| 74700 |  3545 |151525 |   2.0 |    77M |  34 |  21 |  11 |  70 | 117k|  1 | 316 |   0 | 5.010163e-01 | 5.010058e-01 |   0.00%|  99.93%
 16.0s| 74800 |  3495 |151706 |   2.0 |    77M |  34 |  21 |  11 |  57 | 117k|  2 | 316 |   0 | 5.010162e-01 | 5.010058e-01 |   0.00%|  99.93%
 16.0s| 74900 |  3429 |151882 |   2.0 |    77M |  34 |  21 |  11 |  66 | 117k|  1 | 316 |   0 | 5.010160e-01 | 5.010058e-01 |   0.00%|  99.94%
 16.0s| 75000 |  3373 |152061 |   2.0 |    77M |  34 |  21 |  11 |  65 | 118k|  2 | 316 |   0 | 5.010158e-01 | 5.010058e-01 |   0.00%|  99.94%
 16.0s| 75100 |  3325 |152247 |   2.0 |    77M |  34 |  21 |  11 |  57 | 118k|  1 | 316 |   0 | 5.010157e-01 | 5.010058e-01 |   0.00%|  99.94%
 16.0s| 75200 |  3267 |152431 |   2.0 |    77M |  34 |  21 |  11 |  65 | 118k|  1 | 316 |   0 | 5.010156e-01 | 5.010058e-01 |   0.00%|  99.94%
 time | node  | left  |LP iter|LP it/n|mem/heur|mdpt |vars |cons |rows |cuts |sepa|confs|strbr|  dualbound   | primalbound  |  gap   | compl. 
 16.0s| 75300 |  3215 |152607 |   2.0 |    77M |  34 |  21 |  11 |  54 | 118k|  1 | 316 |   0 | 5.010152e-01 | 5.010058e-01 |   0.00%|  99.94%
 16.0s| 75400 |  3151 |152803 |   2.0 |    77M |  34 |  21 |  11 |  60 | 118k|  1 | 316 |   0 | 5.010151e-01 | 5.010058e-01 |   0.00%|  99.94%
 16.0s| 75500 |  3095 |152988 |   2.0 |    77M |  34 |  21 |  11 |  65 | 118k|  1 | 316 |   0 | 5.010150e-01 | 5.010058e-01 |   0.00%|  99.94%
 16.0s| 75600 |  3035 |153178 |   2.0 |    77M |  34 |  21 |  11 |  60 | 118k|  1 | 316 |   0 | 5.010149e-01 | 5.010058e-01 |   0.00%|  99.94%
 16.0s| 75700 |  2993 |153369 |   2.0 |    77M |  34 |  21 |  11 |  55 | 119k|  1 | 316 |   0 | 5.010148e-01 | 5.010058e-01 |   0.00%|  99.94%
 16.0s| 75800 |  2935 |153545 |   2.0 |    77M |  34 |  21 |  11 |  60 | 119k|  1 | 316 |   0 | 5.010147e-01 | 5.010058e-01 |   0.00%|  99.95%
 16.0s| 75900 |  2889 |153734 |   2.0 |    77M |  34 |  21 |  11 |  61 | 119k|  2 | 316 |   0 | 5.010146e-01 | 5.010058e-01 |   0.00%|  99.95%
 16.0s| 76000 |  2837 |153924 |   2.0 |    77M |  34 |  21 |  11 |  61 | 119k|  1 | 316 |   0 | 5.010145e-01 | 5.010058e-01 |   0.00%|  99.95%
 16.0s| 76100 |  2781 |154109 |   2.0 |    77M |  34 |  21 |  11 |  66 | 119k|  2 | 316 |   0 | 5.010144e-01 | 5.010058e-01 |   0.00%|  99.95%
 16.0s| 76200 |  2729 |154294 |   2.0 |    77M |  34 |  21 |  11 |  62 | 119k|  2 | 316 |   0 | 5.010143e-01 | 5.010058e-01 |   0.00%|  99.95%
 16.0s| 76300 |  2677 |154471 |   2.0 |    77M |  34 |  21 |  11 |  56 | 120k|  2 | 316 |   0 | 5.010143e-01 | 5.010058e-01 |   0.00%|  99.95%
 16.0s| 76400 |  2611 |154654 |   2.0 |    77M |  34 |  21 |  11 |  62 | 120k|  1 | 316 |   0 | 5.010141e-01 | 5.010058e-01 |   0.00%|  99.95%
 16.0s| 76500 |  2547 |154811 |   2.0 |    77M |  37 |  21 |  11 |  70 | 120k|  1 | 316 |   0 | 5.010140e-01 | 5.010058e-01 |   0.00%|  99.95%
 16.0s| 76600 |  2481 |154966 |   2.0 |    77M |  37 |  21 |  11 |  48 | 120k|  1 | 316 |   0 | 5.010139e-01 | 5.010058e-01 |   0.00%|  99.96%
 16.0s| 76700 |  2421 |155124 |   2.0 |    77M |  37 |  21 |  11 |  64 | 120k|  1 | 316 |   0 | 5.010137e-01 | 5.010058e-01 |   0.00%|  99.96%
 time | node  | left  |LP iter|LP it/n|mem/heur|mdpt |vars |cons |rows |cuts |sepa|confs|strbr|  dualbound   | primalbound  |  gap   | compl. 
 16.0s| 76800 |  2363 |155311 |   2.0 |    77M |  37 |  21 |  11 |  68 | 120k|  1 | 316 |   0 | 5.010135e-01 | 5.010058e-01 |   0.00%|  99.96%
 16.0s| 76900 |  2297 |155455 |   2.0 |    77M |  37 |  21 |  11 |  61 | 120k|  1 | 316 |   0 | 5.010134e-01 | 5.010058e-01 |   0.00%|  99.96%
 16.0s| 77000 |  2249 |155636 |   2.0 |    77M |  37 |  21 |  11 |  69 | 121k|  1 | 316 |   0 | 5.010131e-01 | 5.010058e-01 |   0.00%|  99.96%
 16.0s| 77100 |  2197 |155821 |   2.0 |    77M |  37 |  21 |  11 |  57 | 121k|  2 | 316 |   0 | 5.010130e-01 | 5.010058e-01 |   0.00%|  99.96%
 16.0s| 77200 |  2131 |155986 |   2.0 |    77M |  37 |  21 |  11 |  64 | 121k|  2 | 316 |   0 | 5.010129e-01 | 5.010058e-01 |   0.00%|  99.96%
 16.0s| 77300 |  2065 |156150 |   2.0 |    77M |  37 |  21 |  11 |  58 | 121k|  1 | 316 |   0 | 5.010129e-01 | 5.010058e-01 |   0.00%|  99.96%
 16.0s| 77400 |  2017 |156316 |   2.0 |    77M |  37 |  21 |  11 |  49 | 121k|  1 | 316 |   0 | 5.010128e-01 | 5.010058e-01 |   0.00%|  99.96%
 16.0s| 77500 |  1957 |156493 |   2.0 |    77M |  37 |  21 |  11 |  61 | 121k|  1 | 316 |   0 | 5.010127e-01 | 5.010058e-01 |   0.00%|  99.96%
 17.0s| 77600 |  1891 |156653 |   2.0 |    77M |  37 |  21 |  11 |  57 | 121k|  1 | 316 |   0 | 5.010126e-01 | 5.010058e-01 |   0.00%|  99.97%
 17.0s| 77700 |  1845 |156833 |   2.0 |    77M |  37 |  21 |  11 |  65 | 122k|  2 | 316 |   0 | 5.010124e-01 | 5.010058e-01 |   0.00%|  99.97%
 17.0s| 77800 |  1771 |157007 |   2.0 |    77M |  37 |  21 |  11 |  63 | 122k|  1 | 316 |   0 | 5.010122e-01 | 5.010058e-01 |   0.00%|  99.97%
 17.0s| 77900 |  1715 |157174 |   2.0 |    77M |  37 |  21 |  11 |  61 | 122k|  1 | 316 |   0 | 5.010121e-01 | 5.010058e-01 |   0.00%|  99.97%
 17.0s| 78000 |  1635 |157335 |   2.0 |    77M |  37 |  21 |  11 |  52 | 122k|  1 | 316 |   0 | 5.010119e-01 | 5.010058e-01 |   0.00%|  99.97%
 17.0s| 78100 |  1561 |157500 |   2.0 |    77M |  37 |  21 |  11 |  60 | 122k|  1 | 316 |   0 | 5.010118e-01 | 5.010058e-01 |   0.00%|  99.97%
 17.0s| 78200 |  1493 |157664 |   2.0 |    77M |  37 |  21 |  11 |  60 | 122k|  1 | 316 |   0 | 5.010116e-01 | 5.010058e-01 |   0.00%|  99.98%
 time | node  | left  |LP iter|LP it/n|mem/heur|mdpt |vars |cons |rows |cuts |sepa|confs|strbr|  dualbound   | primalbound  |  gap   | compl. 
 17.0s| 78300 |  1431 |157825 |   2.0 |    77M |  37 |  21 |  11 |  50 | 122k|  1 | 316 |   0 | 5.010115e-01 | 5.010058e-01 |   0.00%|  99.98%
 17.0s| 78400 |  1355 |157972 |   2.0 |    77M |  37 |  21 |  11 |  65 | 123k|  2 | 316 |   0 | 5.010112e-01 | 5.010058e-01 |   0.00%|  99.98%
 17.0s| 78500 |  1273 |158132 |   2.0 |    77M |  37 |  21 |  11 |  65 | 123k|  1 | 316 |   0 | 5.010112e-01 | 5.010058e-01 |   0.00%|  99.98%
 17.0s| 78600 |  1193 |158287 |   2.0 |    77M |  37 |  21 |  11 |  68 | 123k|  1 | 316 |   0 | 5.010110e-01 | 5.010058e-01 |   0.00%|  99.98%
 17.0s| 78700 |  1123 |158434 |   2.0 |    77M |  37 |  21 |  11 |  61 | 123k|  1 | 316 |   0 | 5.010109e-01 | 5.010058e-01 |   0.00%|  99.98%
 17.0s| 78800 |  1043 |158595 |   2.0 |    77M |  37 |  21 |  11 |  70 | 123k|  1 | 316 |   0 | 5.010109e-01 | 5.010058e-01 |   0.00%|  99.98%
 17.0s| 78900 |   959 |158768 |   2.0 |    77M |  37 |  21 |  11 |  48 | 123k|  1 | 316 |   0 | 5.010107e-01 | 5.010058e-01 |   0.00%|  99.98%
 17.0s| 79000 |   877 |158916 |   2.0 |    77M |  37 |  21 |  11 |  65 | 123k|  1 | 316 |   0 | 5.010106e-01 | 5.010058e-01 |   0.00%|  99.99%
 17.0s| 79100 |   815 |159075 |   2.0 |    77M |  37 |  21 |  11 |  61 | 123k|  1 | 316 |   0 | 5.010105e-01 | 5.010058e-01 |   0.00%|  99.99%
 17.0s| 79200 |   733 |159213 |   2.0 |    77M |  37 |  21 |  11 |  61 | 124k|  1 | 316 |   0 | 5.010104e-01 | 5.010058e-01 |   0.00%|  99.99%
 17.0s| 79300 |   649 |159354 |   2.0 |    77M |  37 |  21 |  11 |  65 | 124k|  1 | 317 |   0 | 5.010103e-01 | 5.010058e-01 |   0.00%|  99.99%
 17.0s| 79400 |   567 |159504 |   2.0 |    77M |  37 |  21 |  11 |  75 | 124k|  1 | 317 |   0 | 5.010101e-01 | 5.010058e-01 |   0.00%|  99.99%
 17.0s| 79500 |   485 |159663 |   2.0 |    77M |  37 |  21 |  11 |  60 | 124k|  1 | 317 |   0 | 5.010100e-01 | 5.010058e-01 |   0.00%|  99.99%
 17.0s| 79600 |   401 |159824 |   2.0 |    77M |  37 |  21 |  11 |  52 | 124k|  1 | 317 |   0 | 5.010099e-01 | 5.010058e-01 |   0.00%|  99.99%
 17.0s| 79700 |   335 |160019 |   2.0 |    77M |  37 |  21 |  11 |  66 | 124k|  2 | 317 |   0 | 5.010098e-01 | 5.010058e-01 |   0.00%|  99.99%
 time | node  | left  |LP iter|LP it/n|mem/heur|mdpt |vars |cons |rows |cuts |sepa|confs|strbr|  dualbound   | primalbound  |  gap   | compl. 
 17.0s| 79800 |   271 |160209 |   2.0 |    77M |  37 |  21 |  11 |  60 | 124k|  2 | 317 |   0 | 5.010097e-01 | 5.010058e-01 |   0.00%|  99.99%
 17.0s| 79900 |   183 |160376 |   2.0 |    77M |  37 |  21 |  11 |  62 | 124k|  0 | 317 |   0 | 5.010095e-01 | 5.010058e-01 |   0.00%|  99.99%
 17.0s| 80000 |   117 |160520 |   2.0 |    77M |  37 |  21 |  11 |  47 | 124k|  0 | 317 |   0 | 5.010092e-01 | 5.010058e-01 |   0.00%|  99.99%
 17.0s| 80100 |    59 |160639 |   2.0 |    77M |  37 |  21 |  11 |  55 | 125k|  1 | 317 |   0 | 5.010091e-01 | 5.010058e-01 |   0.00%| 100.00%

SCIP Status        : problem is solved [optimal solution found]
Solving Time (sec) : 17.00
Solving Nodes      : 80163
Primal Bound       : +5.01005766533142e-01 (10 solutions)
Dual Bound         : +5.01005766533142e-01
Gap                : 0.00 %


objective value:                    0.501005766533142
n1                                  0.501005766533142 	(obj:1)
w3                                            0.25075 	(obj:0)
w2                                            0.25075 	(obj:0)
w1                                            0.24975 	(obj:0)
c2                                   0.25075098121499 	(obj:0)
b2                                            0.25075 	(obj:0)
a1                                  0.498499018785011 	(obj:0)
b1                                            0.25075 	(obj:0)
c1                                   0.25075098121499 	(obj:0)
n2                                 0.0865166103647735 	(obj:0)
n3                                  0.007092977057123 	(obj:0)


